Date,Author,Body,Heading,Rating,Location
2025-04-26,Kristen,Beautiful shades! Great quality and well made!  My order came very fast. ,Beautiful shades,5,US
2025-04-26,Ciara McGettrick,"Quick delivery, gorgeous packaging and fantastic products ",Quick delivery,5,GB
2025-04-26,MBS,Though delayed shipping I am very happy with the product. Adequate communication from order to delivery.,delayed shipping worth the wait!,5,US
2025-04-26,customer,Lovely lamp!  It's great that it's cordless.  Looks wonderful on my table.,Lovely lamp,5,US
2025-04-25,Sara Fagan,Shipping was slightly slow but the tray itself is absolutely gorgeous and functional. I also made a tik Tok of the tray as well. Please let me know if there are any other products that I can try.,Shipping was slightly slow but the tray…,5,US
2025-04-25,Carly Belchak,Love the products! ,Love the products!,5,GB
2025-04-25,Edward,Great product. Incredibly well made and fast delivery! Will be ordering again very soon,Great product,5,GB
2025-04-25,Susan ,Very quick delivery & I was kept updated. A delightful French bunny egg cup purchased for my new granddaughter’s first Easter. A beautiful item tastefully gift wrapped with ribbon. Very happy 🥰,Very quick delivery & I was kept…,5,GB
2025-04-25,Emma M.,What an incredible company rooted in attention to detail! Beautifully packaged with thought care and gorgeous ribbons to complement each product. Thoroughly impressed by this team!,What an incredible company rooted in…,5,CA
2025-04-25,Emily Hodge Design,"I adore Mrs. Alice! Their response times are incredible, shipping is super fast, everything is packaged beautifully and most importantly the product is high quality and stunning in person. ",I adore Mrs,5,US
2025-04-24,Justine,"It's just seamless and there's nothing better than hearing the excitement in my daughter in law's voice when she says; ""Oh my goodness you've sent us Easter Magic in a box""! Thank you.",Easter Magic in a Box!,5,US
2025-04-24,Larry calvert,Item is beautiful and fast shipping. ,Item is beautiful and fast shipping.,5,US
2025-04-24,Anne Rebot,"Very good company , My orders arrive in Time.   ",Very good company ,5,FR
2025-04-24,Giorgia Fadini,Very beautiful items. I’ve received many compliments. The quality is high and the delivery was very quick too. Opening the box was a pleasure so carefully prepared. I will definitely purchase more from her. ,Very beautiful items,5,GB
2025-04-24,Carolyn Scrivener,Was very impressed with the super speedy shipment. Rattan balloon is gorgeous and was well packed and protected. ,Love my balloon,5,GB
2025-04-24,Ann White,"I bought the yellow and blue rabbits and the fluffy chicks, they are adorable and made a huge impact to our Easter table ",Adorable Easter additions ,5,GB
2025-04-23,Dee Slade,"Amazing customer service and experience. 
Beautiful website, same day dispatch, next day delivery and beautifully wrapped 🎀",Amazing customer service and…,5,GB
2025-04-23,Jemma,Such a pretty lampshade in a beautiful pattern. As an interior designer I like to only purchase top quality accessories for my projects and I was struggling to find one that fits the aesthetic and size requirement. This one fits the bill 100%!,Pretty Lampshade,5,GB
2025-04-23,Raven Sykes,Lovely items making special occasions extra special ,Lovely items making special occasions…,5,GB
2025-04-23,Katie,"A five star service, speedy, beautifully wrapped and such high quality unique goods. I will definitely be using you again!!! Thank you",A five star service,5,GB
2025-04-22,Siran Sahakian,"I have become obsessed with the Mrs. Alice website.  Everything I have ordered thus far has been beautiful, exactly as described and arrived in a timely manner. ",My New Favorite Place to shop,5,US
2025-04-22,Joanne Wilson,"I bought myself a leopard pinny as they looked so gorgeous, the. bought one for my bestie…. So pleased! Great communication from Mrs Alice, beautiful packaging! I’m delighted! Definitely a fabulous gift for yourself or a friend!",Fabulous presents for yourself or a friend!,5,GB
2025-04-21,Sophie,"Excellent customer service from Sarah after experiencing an issue with my order.

Sarah’s communication was friendly and helpful, working quickly to resolve my issue and send a replacement.

Such excellent customer service is a rarity these days, thank you Mrs Alice. ",Excellent customer service from Sarah…,5,GB
2025-04-21,gillian s.,"very good all
",very good all,5,US
2025-04-21,Avery,Must Purchase table decor! We loved getting to purchase the lime table lamps for our wedding event company! ,Must Purchase table decor,5,US
2025-04-21,Dani M Roach,"My geese slide in sideways,  just in time for Easter, but they are wonderful and beautifully wrapped in ribbons!",My geese slide in sideways,5,US
2025-04-21,James Elliott,"When getting ready for guests, you never know how your plans will change: added guests, tables, and design shifts. Mrs. Alice always has something just right and from season to season it all works together. I am building a full collection where u can mix and match depending on the occasion. The orders are always on time and arrive just in time for my special day, even if I ask for customization. The best part is they always arrive with an element of surprise: a wicker basket and hand written note. It just feels elevated. Mrs. Alice, her products and team have been a part of my most important occasions and new traditions. ",When getting ready for guests,5,US
2025-04-21,Zoe M,"The shlpping was very quick, the quality of the table cloth surpassed my expectations, I am so happy with it. I will definitely be looking to order from Mrs Alice again. ",Gorgeous product and fab service ,5,GB
2025-04-20,Elissa Helling,These are the most beautiful lamp shades. Luxury design. Best price by far. Will shop here again and again!,These are the most beautiful shades,5,US
2025-04-19,Valerie Albada jelgersma,Always wonderful! Great packaging too ,Always wonderful,5,GB
2025-04-19,Richard John Oliver,The website is user friendly and beautiful. Ordering was a breeze and my order arrived promptly and beautifully packaged. Can’t fault the service. ,Faultless service ,5,GB
2025-04-19,Tanya clarke,Packages arrived with lovely wrapping ,Packages arrived with lovely wrapping,5,IE
2025-04-18,Gina Addeo,The most beautiful cordless sconces,The most beautiful cordless sconces,5,US
2025-04-18,Consumer,I ordered a beautiful mimosa tablecloth and yelpow napkins which are divine and they were delivered the next morning.  Very impressive service,Great service and wonderful products,5,GB
2025-04-18,Melissa Wing,My order arrived quickly and the quality of the products I ordered is better than I  expected! I cannot wait to use my new tablecloth and Easter decor this weekend! I will definitely be making more purchases soon!,Springtime ,5,US
2025-04-18,Jacqueline Samon,"Great
Items arrived before Easter as promissed 
Very happy with the order and appreciate the packaging 
Mrs Alice always found particular and spécial objects 
We are happy to live with them ",Great,5,FR
2025-04-18,Kelly,Everything was packaged beautifully and exactly as appeared online.  Will definitely order from Mrs. Alice again.,Everything was packaged beautifully and…,5,US
2025-04-18,Vicki,Ordered 4 little chicks for my Easter table.  Omg so adorable!   The process was fast and easy!  ,Little chicks,5,US
2025-04-18,Letitia,I am thrilled with my rattan table. The product is absolutely perfect and delivery was very quick. Couldn’t be happier with my purchase and I will certainly be shopping from Mrs Alice again! ,Beautiful rattan side table ,5,GB
2025-04-18,Mary Albritton,Once I received the things I ordered,"Once I received the things I ordered, I was amazed at the beautifully and carefully wrapped items. The box with the Easter kit was stunning! Everything I have ever ordered has been gorgeous! ",5,US
2025-04-17,Anonymous,The product is just great ,The product is just great,5,GB
2025-04-17,Consumer,I have always worried about fabric placements as they don’t always look good once washed but I have used my beautiful blue set and I love them! They make my table look amazing and they wash beautifully. I’m such a Dan of Mrs Alice,Beautiful placements that look good even after washing,5,GB
2025-04-16,New customer,"The fluffy geese are adorable. Casual and chic. They will make a great addition to my other Easter decor. They came beautifully and lovingly wrapped in Mrs. Alice tissue and carefully packaged to make it to me in pristine condition. My order was a bit delayed at first, but I wrote to customer service to get an update and an expected shipping date.  I received a prompt reply and they followed up once my item had shipped with a tracking link and a delivery notification. I will definitely order from them again in the future. I have more items on my wish list. Thank you for filling a gap in holiday decor. ",Perfect for Easter,5,US
2025-04-16,Mrs Annie Graham,The packaging and quality is just superb,The packaging and quality is just superb,5,GB
2025-04-15,elizabeth rose,Parcel beautifully wrapped and delighted with the product ,Great service,5,GB
2025-04-15,Rauda .e,"High quality products, and very fast shipping.",10/10,5,AE
2025-04-15,Victoria,"Delivered perfectly, wrapped beautifully, all products as depicted, complete satisfaction.",Delivered perfectly,5,GB
2025-04-15,Emily,"Beautiful tablecloth, delivered quickly. Lovely packaging ",Beautiful tablecloth,5,GB
2025-04-14,Jess,Love my lamp! ,Love my lamp!,5,GB
2025-04-14,Ouisma,"I love shopping the website, thinking about choices, deciding, waiting for the arrival of my items and, of course, seeing my shiny new objects on the table, waiting for company! How many thrills can a woman stand! All beautiful pieces that make for a lovely, thoughtful table for family and friends.",Multiple moments of pleasure,5,US
2025-04-14,Ursula Tuczka,"Wonderful product, great delivery (with Tracking possibility and text message prior to arrival) Anytime again! ","Wonderful product, anytime again",5,AT
2025-04-14,Evelyn Macinnes,Fast efficient delivery. Items ordered were delightful and admired by all,Fast efficient delivery,5,GB
2025-04-14,Jane M,Absolutely brilliant service and the most beautiful fabrics too. ,Absolutely brilliant service and the…,5,GB
2025-04-13,Natasha  Wilson,"I ordered a beautiful tissue box. But unfortunately the one I wanted was out of stock (my fault as it does say it’s not In stock, and gives you the date it will be) so I requested to cancel my order, and I then ordered the one that was is in stock. This was all dealt with immediately. Fantastic customer service. I received the tissue box which was beautifully gift wrapped within a day of ordering. ",I ordered a beautiful tissue box,5,GB
2025-04-13,Jacqueline A Neesam,"Delightfully pretty tote bag and pochette in pink Ikat, arrived beautifully wrapped and very quickly indeed 😊",Delightfully pretty tote bag and…,5,GB
2025-04-11,J reed ,Love the vases. Very quick delivery.,Love the vases,5,US
2025-04-11,Cathie,"Although I have been on the mailing list for a while, this is the first time I have ordered from Mrs Alice after one of their beautiful tablecloths caught my eye. I was delighted to find they stocked it in a size that fits our very large family dining table. In the past I have only been able to find plain 
white tablecloths in that size. Delivery was impressively quick and the product quality is very good too with a properly finished bias-bound edge. The colours and pattern are gorgeous and my table looks stunning.",Impressed,5,GB
2025-04-10,Lüllik Angéla,Everything was ok! Thank you!,Everything was ok,5,HU
2025-04-10,Conqui Baquero,So in love with my scallops baskets !!! They arrived earlier than expected !!! 👏🏻🥰,So in love with my scallops baskets !!,5,US
2025-04-10,Kathy Butler,They are very responsive,They are very responsive,4,US
2025-04-10,Lori,"Excellent quality lampshades , even better than shown on the website . Beautifully packaged and fast delivery . All round a superb shopping service . ",Excellent quality lampshades ,5,GB
2025-04-10,Eloise Patterson,Beautiful products!  I'm very happy with all three things I ordered.  I'll be back!,Beautiful products,5,US
2025-04-10,Gillian Green,So easy to order and great service,Beautiful goods in splendid packaging,5,GB
2025-04-10,Martha Engle,"I just love my parrot lamp!  It is the perfect accent light  that my piano needed!  The quality is fantastic!
Looking forward to finding more treasures from you company!",I just love my parrot lamp,5,GB
2025-04-10,Emily,We received a stunning tablecloth and water glass set from Mrs Alice as a part of wedding purchases. We couldn’t be happier with the quality of the offering.,Beautiful home goods,5,US
2025-04-10,Lucy,Great experience - I ordered a lamp and shade as a wedding present to be sent to Germany and all went smoothly.  No extra custom duties charges. ,Posting abroad,5,GB
2025-04-10,Gerardo Babatz Alvarez,"Very lovely item, arrived on time. ",Very lovely item,5,GB
2025-04-10,Sabrina B M C Mapelli,"I love all the products from Mrs Alice, I got one more tablecloth for my collection. They are well made with high quality materials, easy to wash and have gorgeous patterns and colours.
I absolutely love it. Can't buy all but slowly I am building my tablescape collection.
",Excellent quality ,5,GB
2025-04-10,Soraya Shiha,Unbelievable how amazing their products are. Very satisfying to purchase exactly what you see in the website. Not like Amazon or Temu that send low quality of what they show. ,Unbelievable how amazing their products…,5,US
2025-04-09,Lilly-D,"I read a previous review stating that the returns process is unnecessarily difficult and I couldn't agree more. The company also shockingly have no idea on UK legislation when it's comes to consumer rights. I bought a cordless lamp, bamboo with seagrass lamp shade and when first received it was great, went to recharge and it just got dimmer and summer and eventually stopped working altogether. I purchased 1x in the hope it would be a great product and then I'd buy a further 8 or 9 for our garden wedding in May. I got in touch and requested a returns label/qr code so I could send the lamp back as I'm within the original 6 months of purchase and the item is faulty. I've decided I no longer want to go down this route for lighting at the wedding as I've lost faith in the product and it's longevity so I want to return for a refund...they keep asking for videos and photos and I keep saying, but I could have just switched it off!! That won't prove anything. They also don't understand that it's repair, replace or refund and that the choice is the consumers and not their and they also seem unaware that they have 14 days to resolve from when I broached them about the issue. Lisa is off to ask Sarah if it's ok which regardless of what Sarah says ....it is, it's the law, anyway it's been two days since my last response from them so here's hoping they're off on a training course together. 
",Beautiful product but shoddy staff...never again!!,1,GB
2025-04-09,Alexandra Mantilla,Love the products. Really beautiful and well made. ,Love the products,5,US
2025-04-09,carla sioli legnani,"Mrs Alice helps me a lot to find a “last minute” solution for a wedding present. 
Beautiful things for every occasion , good  materials and nice range of colours too . 
Thank you to have sent me everything lovely wrapped up with paper and ribbons in such a nice pastel color . ",Mrs Alice helps me a lot to find the perfect gift ,5,IT
2025-04-09,Aljazi Alali,"Besides the quality of the items, the service is amazing. I emailed Mrs Alice that I needed my items quickly and they shipped out on the same day!🙏 thank you so much for the great service and beautiful items, I’m extremely satisfied",The best!,5,QA
2025-04-09,Tina,"Absolutely amazing service, beautiful items which l can’t wait to use!",Absolutely amazing service,5,GB
2025-04-09,Nicola S,"Fast delivery, beautifully packaged items, couldn't wait to open my order and I wasn't disappointed. Thank you 😊 ",Just lovely,5,GB
2025-04-09,Aysha Shezad,Fast delivery and amazing product. Couldn't be happier. ,Amazing Quality ,5,GB
2025-04-08,Amna Al Nasser,Great service and very beautiful products ,Great service and very beautiful…,5,QA
2025-04-08,Lael Kiesling,The order was beautifully gift wrapped and packed well.  It came in a signature Mrs. Alice box for storage. Would definitely order again and use Mrs. Alice for gifts.,Spring order,5,US
2025-04-08,Charlotte Padfield,"Mrs Alice products are so beautiful and the quality is always perfect.
My purchases always arrive quickly and well packaged.",Mrs Alice products are so beautiful and…,5,GB
2025-04-08,Jayne Woods,Absolutely stunning and super cool lampshades. Super fast delivery. Will definitely use your products again. I cannot wait for the next opportunity ,Absolutely stunning and super cool…,5,GB
2025-04-08,Madeline Weinstein,We love our place settings! Everything on the site is unique and beautiful and worth the wait!,We love our place settings,5,US
2025-04-07,Rachel,Prompt delivery and the beautiful packaging is greatly appreciated. It feels like your receiving a special gift. THe items were perfect and I love everything I order from Mrs Alice. Its an amazing concept and great quality. Thank you. Keep up the good work. ,Prompt delivery and the beautiful…,5,IE
2025-04-07,elizabeth Kehoe,"Stunning pattern, delivered within 3 days so was perfectly in time to cover my late birthday present ordering! So prettily packaged too I could give it as a present straight away. My impossible to please elderly father wanted a tablecloth and I struggled to find a round one he would like - thankfully I found this just as I was giving up and he’s thrilled with it!",Lovely design and excellent customer service,5,GB
2025-04-07,happy customer,love the gorgeous tablecloth,love the gorgeous tablecloth,5,US
2025-04-07,Chloe,Great and fast service ,Great and fast service,5,GB
2025-04-07,Caroline Poli,"Wonderful quality, lovely packaging and quick delivery ",Wonderful quality,5,GB
2025-04-07,Erica Elliott Richardson,Wonderful customer service and great products!,Wonderful customer service and great…,5,GB
2025-04-07,Neil H,"Beautiful items, well packaged and speedy delivery.",Beautiful items,5,GB
2025-04-07,Darren,"Promptly delivery, high quality product. I’ll definitely return!",Promptly delivery,5,US
2025-04-07,Laura Ivan,"I have been waiting for my order placed on March 19, 2025. This company is difficult to communicate an order issue with. They stated that one of the items could be pre order so that would affect the delivery time. My issue is that when I placed  the order, none of the items came up pre order and they never contacted me to let me know of the delay. Also, I don’t know why they would not ship the items that are in stock.  It is very frustrating to communicate through their customer service after their first initial response. As much as they have beautiful products I doubt I will order again. ",I have been waiting for my order placed…,2,US
2025-04-06,Fabio Palla,"All right, Good package, fast delivery",All right,5,IT
2025-04-05,Debra Kacher,"Being an interior designer we have our go to suppliers Mrs Alice is firmly one of those! Such a pretty range. 
Service and delivery efficient , beautifully packaged. We will shop again for sure ! ",Being an interior designer we have our…,5,GB
2025-04-04,Maham Kamran,"My package arrived on time , beautifully packed and i loved the fact how each item is hand crafted.",On time and carefully packed,5,AE
2025-04-04,customer,Fabric is gorgeous! I ordered the blue and white ikat. So beautiful! Great quality.,Fabric is gorgeous,5,US
2025-04-04,Consumer,"Absolutely beautiful lampshade, super fast delivery and excellent customer service, thank you! ",Absolutely beautiful lampshade,5,GB
2025-04-04,William Aldridge,Received the order very quickly! One of the items was damaged in shipping but the customer service team quickly handled the issue! I highly recommend Mrs. Alice for their high quality products and great customer service! ,Received the order very quickly,5,US
2025-04-03,kate green,Beautiful lampshades.. they just would not fit my sconces so I had to return. ,Beautiful lampshades.,5,US
2025-04-03,Heidi Tucker,"Shopping on the website is delightful! Items 'out of stock' were quickly replenished. Shipping was quick and easy. Product quality top-notch! So pleased with the rattan items, not like the flimsy baskets found in local shops. ",Shopping on the website is delightful,5,US
2025-04-03,Ashley Fletcher,Adorable and unique. Shipped super quickly!,Adorable and unique,5,US
2025-04-02,Katie Davies,"Beautiful, quality products. ",So happy,5,GB
2025-04-02,Sylvia Dixon,"Fast delivery, lovely candles, beautifully wrapped",Fast delivery,5,GB
2025-04-01,lake gouhari,"I ordered a large tray and a couple of stags with thin delicate anklers and legs 
All came on time beautiful packed no damages and lovely Quality, the tray was even better in reality,I will definitely be buying again",I ordered a large tray and a couple of…,5,GB
2025-04-01,Sheun Adelasoye,Beautiful table cloths and napkins ordered. Very happy with my purchases with rather lovely packaging. My order arrived on time with a hand written note. A lovely touch. ,Beautiful table cloths ordered and…,5,GB
2025-03-31,Lindsey Ann,"Delighted. Beautiful & careful wrapping. The online curated items were or me & I will be a frequent visitor to the online sho.
I was ticked to find similar outside jug & glasses with rattan covers to the ones I bought last year. I really want to buy a pretty tablecloth. Can I work for you please?? 😂
2 things. 1. I found you only because I typed in Easter eggcups in search engine but maybe you don’t want your market to be too big? 
2. When I was ordering I believed - can’t remember why? That your company was based in Paris or maybe that the item was made in Paris? This enticed me to spend more as I want to support relatively local manufacturers. The box that arrived was stamped with made in Italy. That was all fine but I wonder where I got the notion of you bring a Paris based business. ",Delighted,5,GB
2025-03-31,Amelia H,"Easy ordering, good customer service with a query, speedy delivery!
Item was delivered beautifully packaged!
Would definately order again.",Speedy delivery beautifullyboackaged,5,GB
2025-03-31,Sue Iveson,So easy to order. Candles are exactly what I was looking for. Great price. Arrived before expected date. I was updated on delivery too. Packaging was stunning. Personal thank you card also enclosed. ,So easy to order,5,GB
2025-03-31,Mrs JB,my package arrived in good time and beautifully packaged. The plate is lovely ,"Time delivery , beautifully packaged , product fabulous",5,GB
2025-03-31,K,Great item and customer service,Great item and customer service,5,US
2025-03-31,Maggi Walker,We had to contact customer service a few times about how to attach the shade. They were so patient! Sent pictures which made it all clear. Thanks!,We had to contact customer service a…,5,US
2025-03-30,Susanne Cronin,"Loved the bunnies 
Packed with great care and I will buy again",Loved the bunnies ,5,US
2025-03-30,J K,Love these wicker planters. Arrived quickly and packed carefully with a hand written note!!,Love these wicker planters,5,US
2025-03-30,Linda Kramer,Product arrived in great time. Item was packed very well. Item looked exactly as what was shown online.,Product arrived in great time,5,US
2025-03-30,marlis,Best customer service I've ever had!  I noticed that the lampshades I had ordered weren't going to arrive in time for my event.  I was able to substitute another pair because they were understanding and glad to help.  Just can't beat this!  Thank you!!!,Best customer service I've ever had.,5,US
2025-03-29,Merrie Morris,"Mrs. Alice combines whimsey with taste. I find the products generally have something special - for instance, the animals generally aren't looking straight on and therefore they look more naturalistic. We love having Mrs. Alice in our lives!",We love Mrs. Alice ,5,US
2025-03-29,Kathy Coombs,"This little table was perfect next to my footed bathtub!  It is very sturdy, which was a surprise, not going to fall over and it arrived to the states in a timely manner!!",This little table is perfect!!,5,US
2025-03-29,Patricia Boguski,Love Mrs Alice’s products.  Makes decorating a breeze!,Love Mrs Alice’s products,5,US
2025-03-29,Lauren,"Easy to order, great products, wonderful customer service and quick shipping from the UK. Love Mrs. Alice 🤍🤍",Easy to order,5,US
2025-03-29,Wendy N,Products are very well made!,Products are very well made!,5,US
2025-03-28,Carol-Ann King,"Love what they sell but, can only buy when sale is on.   Love the packaging feels like opening a special gift, which it i is.   The only problem I have is pricing.",Love what they sell ,5,GB
2025-03-28,franz,Beautiful design. Shell design doesn’t look cheap and priced reasonably.,Beautiful design,5,US
2025-03-28,Elisabeth,I received samples of fabric quickly and they came beautifully presented. I was impressed that a card came too. ,I received samples of fabric quickly…,5,IE
2025-03-28,Marion Judge,"Love my new lampshades in particular the green one I ordered. The little pink bow ones are more of a sugar pink than faded pink which they look like on the web which was a little disappointing . 
Very fast delivery .",Very feminine little shades,5,GB
2025-03-28,Sara Askar,"Thank you for your excellent services, and quick delivery.
The order was amazing ",Thank you for your excellent services,5,AE
2025-03-28,Terri Evans,"Delivery was quick with my items beautifully wrapped, a real pleasure to receive. The quality of my chosen items is above and beyond any expectations I may have had, they are absolutely stunning and will be on display for many, many years to come. I cannot recommend highly enough.",Wonderful experience …,5,GB
2025-03-27,Allison kohl,Literally one of my favorite online stores now for home decor. Have bought their monogrammed embroidered rattan baskets and fabric to reupholster a stool I own. The prices are fabulous. I’m obsessed. ,Literally one of my favorite online…,5,US
2025-03-27,Carley Gunter,"I was so looking forward to my Celine bow rattan mirror but when it arrived it was packaged so poorly, the box and tape was ripped and glass was spilling out. The packaging was basic bubble wrap which obviously couldn’t protect a mirror. ",I was so looking forward to my Celine…,1,US
2025-03-27,JH,Great little lampshades at a good price. ,Great little lampshades at a good price.,5,GB
2025-03-27,Kathy Toppino,"Mrs. Alice has a really great selection of unique, high quality products that add the special touch to an event. ",Unique quality products ,5,US
2025-03-27,JJ B,Beautifully designed products and GORGEOUSLY packaged. A treat to recieve. ,Beautifully designed products and…,5,GB
2025-03-27,Lauren Keegan,"Beautiful spring home ornaments, exactly as pictured and described. Well package and in great condition. ",Beautiful spring home ornaments,5,US
2025-03-27,Tracey Fryer,"Beautiful quality sconce shades. Very pleased with this purchase. Fast shipping, though the shipping was more than I really wanted to pay, I didn’t need the item that fast, wish they had a cheaper shipping option available. ",Beautiful quality sconce shades,5,US
2025-03-27,Stefanie Hischer,The items are beautiful and the customer service was very professional and responsive. Any time again! It was a pleasure! ,The items are beautiful and the…,5,DE
2025-03-27,Millie,"Excellent product, packaged well and great delivery time.",Excellent product,5,US
2025-03-27,Marla Murphy-Guddal,"Really nice quality items that do not disappoint! Shipped and arrived quickly. Would buy from again and again. I love Mrs. Alice's taste - fun, classy and colorful.",Really nice quality items that do not disappoint!,5,US
2025-03-26,Laraine Newton,"Ordering was easy, delivery was quick, beautifully wrapped and good packaging.  
And I love my beautiful decorative, basket style eggs for my Easter table.  Will definitely order from Mrs Alice again. ","Beautiful, good quality Easter decorations.",5,GB
2025-03-26,Emma Denslow,Excellent service. Shades arrived on time. Packaging was lovely and I love my shades. ,Excellent service,5,GB
2025-03-26,Alexandra Kendrick,"Best quality of items you can’t find elsewhere. 
",Best quality of items you can’t find…,5,US
2025-03-25,customer,I ordered few products for Easter and I love them. ,Amazing products,5,US
2025-03-25,Thomas,Love my Bunny bowls absolutely Amazing.  But was sad there was a small crack in 1 of them😢,Love my Bunny bowls absolutely Amazing,5,GB
2025-03-25,Dianne Stephenson,"I always love to shop at Mrs. Alice’s and    purchased several items for every holiday. My recent Easter items arrived quickly, were carefully packaged, and were in perfect condition, as always. They have a wonderful customer service team. They even contacted me to make sure that my giant Easter bunnies arrived safely. ",Spectacular Customer Service ,5,US
2025-03-24,Louise ,"Beautifully made, high quality lampshades.  Sadly the lampshades were not compatible with my lights, therefore I had to reluctantly return them(perfect colour and fabric).  The returns process was super easy.  I have my eye on so much more!  ",Beautifully made,5,GB
2025-03-24,customer,"Excellent product, very happy with my order, 🥰",Excellent product,5,GB
2025-03-24,Jane Shelswell,"Nothing new... I ordered November 2024 x2green parrot candle holders but they weren't  available in the UK even though i had an alert to say available. I only realised after paying , this order had to be shipped from USA...
Easy, one would think, think again !
I have chased this up rather than regular updates. The shipping dates changed x3! Jan, March 15th, now April 2nd.The latest response from customer service is they were sorry I hadn't read their update that they sent me on March 17th (!) They said it appears unread & maybe gone into my spam folder. Difficult to read something that I never received and i check ALL folders every day. A little like my order, not received!
1/I suggest you sent it to someone else or 
2/dare I say you aren't being truthful but merely making out you updated me. You haven't spontaneously updated me before, youve only replied to my queries. So, why would I think you've done so spontaneously on March 17th? 


The website has now miraculously changed the dispatch date to April 2nd...since my November order, don't you think that's a shocking service. In fact please DON'T respond as it's as usual, just very PC/HR neutral terminology in an attempt to neutralise my feedback. A simple feedback to my incessant emails with 'item not available and we've refunded you' instead of giving false hope of a delivery time.
I'm sure some have had positive experiences, my one previous order arrived ok but item was already in the uk. I'm sorry but I couldn't recommend you aftercall of this because selling items not available shouldn't occur. 4+months wait is truly unacceptable , so I cancelled my order& hope the refund happens within the week. Shame 😢

update :Thankyou for the prompt refund. A good response. 
BUT... 
As I thought, you've replied with HR speak to dilute the truthful customer experience. You sent a copy of the March email as requested and i realise why it was deleted, it was some green bordered, almost promotional looking email so i mistook it for an advert rather than a plain email to acknowledge further delay which probably continues. So I apologise for accusing you of not sending it but all previous emails were sent to me as a response to my enquiries as per email chain. 

ALL previous emails were a response to MY enquiries asking where the product had got to. It's a bit embarrassing having to keep telling a customer of extended shipping times tbh, you must know why it's delayed ie clearly not available.

I also added in those emails that my feedback would not be good as I'm sure you'd understand. You sent customer satisfaction requests a couple of times but I realised these are internal not public hence I posted on here instead. Again I'm grateful you refunded so quickly but perhaps it's just easier all round to not sell an item that is NOT readily available in the first place, simple!
I'm sure others might have better experiences but for an established company this was not a good experience so I unsubscribed and wouldn't entertain the risk. As I said, it's a shame.

Can I just add some of the subsequent 5* reviews do emphasize some of the issues i highlighted ie availabilty, commynication etc... i do wonder if friends and employees add feedback.. just saying",seems a trend sadly..... ,1,GB
2025-03-24,L.L,Fantastic products with even better customer service. They were so efficient and my order arrived beautifully wrapped less than 48 hours after I had paid for it and it was personally monogrammed! Absolutely love Mrs Alice and I will definitely be ordering from them in the future!,Fantastic Mrs Alice,5,GB
2025-03-24,Marsha Sprague,"Speedy delivery, always quality products, and ese of ordering!",Speedy delivery,5,US
2025-03-22,Diana,"All products came so nicely wrapped! Everything is beautiful, from packaging to the quality of the items. ",All products came so nicely wrapped,5,GB
2025-03-21,Sheila Begum,"Gorgeous lampshade! This lampshade is very pretty and cute, it’s taller than I expected but I don’t think I read the dimensions properly nevertheless it’s lovely. The make and quality is great. ",Gorgeous lampshade,5,GB
2025-03-21,DB,"Great company nothing too much trouble ! Love my new lamp 

",Great  Comapny ,5,GB
2025-03-21,Kim O'Keefe,"Delivery was super fast, packaged so well and so pretty. I would definitely purchase again from Mrs Alice, the things they sell is nothing like in your high street shops, beautiful things for the home. Really lovely from start to finish.
",Beautiful things for the home,5,GB
2025-03-21,Megan Mayne,"Arrived promptly, beautifully packaged and great addition to our kitchen",Beautiful attention to detail,5,GB
2025-03-21,Mrs adrienne kates,"Oh my God everything I’ve bought for Mrs. Alice. I absolutely love. I bought the chickens. I bought the chicken dishes, tablecloths napkins. They are so unique and so special they will look so beautiful when I entertain the summer outdoors. I’m so looking forward to doing that and using these beautiful pieces that I bought Adrienne Kates. ",Oh my God everything I’ve bought for…,5,US
2025-03-20,Consumer,Everything is great quality. ,Everything is great quality.,5,GB
2025-03-20,William Marsland,"Quick delivery, exactly what we ordered and wonderfully presented.",Would highly recommend ,5,GB
2025-03-20,Nicole Lovett,I expected it to take longer given it was a personalised gift but I received it in speedy time. Always impeccably packaged. I’m in love with Mrs Alice and her treasure trove of beautiful things! ,Beautiful as always ,5,GB
2025-03-19,Haya Alrabiah,"Very high quality and lovely packaging, quick in delivery as well..",Best website ,5,SA
2025-03-19,Mary Kathleen Lord,The best!  Thank you!,The best,5,US
2025-03-19,Linda Wythe,"Excellent products from this company! I
Have bought several items now and I have to say that they have all been well made and lovely. Everything is packaged beautifully and arrives super quick . Very very pleased !!
",Excellent products from this  company,5,GB
2025-03-19,Alicia Brown,My parcel came beautifully wrapped with pink ribbon inside. I have never been disappointed with anything I have ever ordered and get so many compliments on the layout of my dining table. ,My parcel came beautifully wrapped with…,5,GB
2025-03-19,Rupert T,The products arrived quickly and were beautifully wrapped.  One item was damaged and it was replaced within 4 days.,Great product ,5,GB
2025-03-19,Janie,"I absolutely LOVE the bunnies I ordered . They came so quickly . I had put in the wrong email address which I hadn’t realised , I contacted them saying I hadn’t had a confirmation email . They realised what had happened immediately! Problem resolved and the delivery was very quick . Beautifully wrapped . I highly recommend! ",I absolutely LOVE the bunnies I ordered…,5,GB
2025-03-18,Zoe Marcroft,"Prompt delivery, and kept up to date with progress. 
Beautifully wrapped purchases,
 very impressed with quality, will definitely shop with Mrs Alice again .",Prompt delivery,5,GB
2025-03-18,lee,Beautifully made rabbits … look so lovely in kitchen on table for spring display … highly recommend these ,Beautifully made rabbits … look so…,5,GB
2025-03-18,urcuddygmail.com,I've ordered from Mrs Alice a couple of times. My items are always shipped pretty quickly. They come beautifully wrapped and I love everything I've received!,I've ordered from Mrs Alice a couple of…,5,US
2025-03-17,LIZ Cottingham,Gorgeous packaging- Beautiful products x,Gorgeous packaging- Beautiful products x,5,GB
2025-03-17,Stephanie Beasley,Timely delivery. Exactly as expected. Lovely products. Good quality. ,Wallpaper and fabric,5,US
2025-03-17,Janice Martin,"Received my items today , great quality , order arrived quickly , would highly recommend ",Bunny with pink tulip,5,GB
2025-03-17,Corina,"Beautiful lamp shade arrived very good quality for the money.
Would definitely buy again.",Beautiful lamp shade arrived very good…,5,GB
2025-03-17,Tina,"So excited for Easter!  The tulip plates and pheasant tablecloth, both in blue, are just as beautiful as they appear on the site!  The plates were individually wrapped, carefully cushioned and arrived in a timely manner.  ",So excited for Easter!,5,US
2025-03-17,Lizi Neill,"Absolutely terrible returns process that’s unnecessarily difficult. I ordered a chair that’s too big and there was absolutely no option to have it collected to return.
I followed the returns process on the website, and attached my returns label (that they charged me £5 for) and ended up having to get a taxi to the drop off point with my massive box. I was then told that items of this size cannot be returned unless they’re collected. I’m now down £15 in taxi fares, £5 for their label and I’m still stuck with a massive box I don’t want that apparently can’t be collected or dropped off at a drop off point. Avoid. ",Absolutely terrible returns process,1,AU
2025-03-16,Rory Hernandez,Prompt customer service.  Wonderful products,Prompt customer service,5,US
2025-03-16,margaret,The Caspari raffia chargers are a nice addition to our picnic supplies. I appreciate the quick turnaround. We now await our parrot candlesticks and our LED table lamps.,The Caspari raffia chargers are a nice…,5,US
2025-03-14,Sara,"My products arrived very quickly and were really beautifully packaged, very secure and I loved the green paper and pink ribbon!
Beautiful products too.",Beautiful presentation ,5,GB
2025-03-14,Elizabeth A Sample,"I have ordered several items from ""Mrs. Alice"" over the past three years.  ""Mrs. Alice"" website offers a broad cross-section of merchandise that is unique and made of high-quality materials.  The items I ordered all arrived in a timely manner and have proven to be better than expected in terms of both appearance and value.  EXCELLENT retailer -- I HIGHLY recommend, ""Mrs. Alice""!",Excellent Retailer!,5,US
2025-03-14,Natalya Davis,Amazing customer service and beautiful shop,Amazing customer service and beautiful…,5,US
2025-03-13,Lianne Payek,Absolutely beautiful Easter ornaments. So excited to use them. Really well packaged. Fast delivery. Will be ordering again,Absolutely beautiful Easter ornaments,5,GB
2025-03-13,Harriet spencer,Fast delivery and high quality of products with a lot of pretty designs to choose from. Would highly recommend and will be ordering again in the future. ,The prettiest of designs ,5,GB
2025-03-13,customer,Beautiful packaging ❤️ and wonderful designed decoration items,Beautiful packaging ❤️ and wonderful…,5,DE
2025-03-13,mac2007,"I had to wait a little while for my order, however, I was very pleased when they arrived.  All items I've purchased from Mrs Alice are strongly made, very sturdy and beautiful.  I'm keen to ensure the items I purchase are as sustainable as possible so I do love the rattan products. ",I had to wait a little while for my…,5,GB
2025-03-12,TraBon,Great product and good delivery ,Great product and good delivery,5,GB
2025-03-12,Alicia,"There is no one else I’d buy my Easter or Christmas decorations from. 
Although I will say, this was the first time I’ve ordered and there wasn’t an issue with items missing/delayed as that has happened with every other order so bravo for taking feedback. ",I adore this brand! ,5,GB
2025-03-12,Mrs Emma Davies,Really speedy delivery and beautiful lampshade ,Really speedy delivery and beautiful…,5,GB
2025-03-11,RMxxx,Samples delivered very quickly and excellent quality ,Samples delivered very quickly and…,5,GB
2025-03-11,Irina,It was a real gem. The lampshades are very cute and the velvet trim is adorable. The delivery was very fast. Really happy to find them ,It was a real gem,5,GB
2025-03-11,Grainne  Needleman,"Appalling - placed order weeks ago. It never arrived. No explanation - No Contact 

Reported issue on three separate occasions- No acknowledgement.
Logged into my account - order noted as “ unfulfilled “ well at least my order and I have something in common. Shopping with Mrs Alice has been the most unfulfilling retail experience ever. ",Never Arrived And No Contact ,1,GB
2025-03-11,CustomerGrace 29,Customer service was great thank you. Problem resolved swiftly.,Customer service was great thank you,5,GB
2025-03-11,Miss Sarah Lucas,Absolutely loved the light. Elevates the room.,Absolutely loved the light,5,GB
2025-03-10,Rebecca John,Speedy delivery gorgeous lampshade ,Speedy delivery gorgeous lampshade,5,GB
2025-03-10,Lorraine Hull,"Quick delivery, well made cushion with a super quality fabric.",Quick delivery,5,GB
2025-03-07,Tati Lafer,I loved everything!,I loved everything!,5,US
2025-03-07,Michelle Finnie,This is the second time I have ordered fabric samples!  The service is super fast and the samples come beautifully packaged as you become to expect when you shop at Mrs Alice! ,Fabric samples ,5,GB
2025-03-07,Hannah Cowling,"Excellent service, beautiful geese I bought from this company, the packaging & gift wrapping is lovely with the red ribbon making it look special ",Excellent service,5,GB
2025-03-07,Gerie,Mrs Alice website offers beautiful high end merchandise that you don't find in other stores. I ordered 2 small green glass lamps and 2 rattan bowls. The large rattan bowl arrived damaged so I returned it. The smaller rattan bowl was fine and the 2 green glass lamps are adorable. The shipping was fast. I received my merchandise within a week. Highly recommend. ,Mrs Alice website offers beautiful high…,5,US
2025-03-07,Kenyon,Very pretty bud vases - swift delivery and beautifully packaged.,Quality product & service!,5,GB
2025-03-06,Ana,"I love your selection of items, the site is easy to use, the delivery is always fast and the care you put into shipping is wonderful. ",Love Mrs Alice ,5,IT
2025-03-06,Amelia Tibbott,"Quick delivery and beautiful product, highly recommend ",Quick delivery and beautiful product,5,GB
2025-03-05,Bibi Gritti,"Kindness, team very helpful, great collection, great taste",Kindness,5,CH
2025-03-05,Stephen Revell,Already teviewed,Already teviewed,5,GB
2025-03-04,stephen revell,Great instant feedback.,Great instant feedback.,5,GB
2025-03-04,M Shaw,Fantastic service. My items came the next day. Beautiful items packaged in the most lovely way. I use the ribbons for other things. Can’t wait for Easter to display my gorgeous six bunnies.,Beautiful items,5,GB
2025-03-03,sarah May,Beautiful basket - just perfect for my hairdryer and other hair related items. Super fast delivery and the monogram on the liner just elevates it from a boring basket into a gorgeous basket . ,Beautiful basket,5,GB
2025-03-03,Carol,"Unfortunately I did not keep the item I ordered as it turned out not to be suitable for my purposes. But the customer service was top notch. Ordering, delivery and the return were quick and easy and I would gladly order from Mrs. Alice again.",First Time Order,5,US
2025-03-01,Melissa,Ítem arrived quickly.  Very nice ítem that is well made. ,Ítem arrived quickly,5,US
2025-03-01,Jane McIlvaine,Excellent customer service.  The tablecloth that I ordered was too large for my table.  I returned it and my refund was processed promptly.  I ordered a smaller size which arrived in time for my party.  I was quite impressed!  Thank you.  PS. The tablecloth is beautiful and the quality of the fabric is just what I was looking for.,Excellent customer service,5,US
2025-02-28,Hend K,"Loved the quality 
And delivery was fast ",Loved the quality ,5,QA
2025-02-28,Wendy Manning,"Easy website, great and efficient service. Beautiful well made products ",Great all round ,5,GB
2025-02-28,MoCo Mama,"Really fast shipping, items well packed, good quality.",Really fast shipping,5,US
2025-02-28,Annemarie Gardener,"What can I say..I'm absolutely thrilled with my products..from the packaging to the actual items..first class !!!
My Christmas table is going to look absolutely magical
Thankyou so much Mrs alice",What can I say..I'm absolutely thrilled…,5,GB
2025-02-28,Olya,Great quality and variety of things to choose from. Have been a customer for years and very happy with my purchases! ,Great website! ,5,US
2025-02-27,Kiefer Smith-Layne,My items arrived. They were a little delayed but the Mrs Alice team let me know along the way that they would be & always kept me up to date. When the two baskets arrived they were even better than expected & AMAZING quality. Really would recommend. ,Amazing personalised basket,5,GB
2025-02-27,Melissa Shackleton Dann,I am delighted to discover Mrs. Alice. Her taste and style are distinctly British. Her tablescapes are gorgeous and distinct from what you might see in the US. ,Thrilled to discover Mrs. Alice,5,US
2025-02-25,Christine,"I am thrilled with the great customer service. Fast, friendly and helpful. I would like to shop here again.",I am thrilled with the great service,5,DE
2025-02-25,Consumer,Arrived well packed and in good time ,Arrived well packed and in good time,5,GB
2025-02-25,Lilythepink,Speedy delivery; quality products; beautifully  wrapped/protected.,Speedy delivery,5,GB
2025-02-24,LOUIS BELL,"Personal service, easy order and quick delivery.",Personal service,5,US
2025-02-24,Emily Snyder,So easy. Fun. And wonderful. Just like Mrs Alice!💖,So easy,5,US
2025-02-22,Mary Jane,I love my placemats and napkins. The duck egg blue is perfect to go with all of my china. I also appreciate the response to my concern over my order but Mrs. Alice got back to me in a timely fashion. ,Beautiful table linens ,5,US
2025-02-22,Lisa Thebault,I placed an order for pink table cloths for my daughter's baby shower and they arrived within two days.  I have purchased many items from Mrs. Alice and sent many gifts from them.  I think her items are fun and beautiful!,Fun and beautiful!,5,US
2025-02-22,AI Wedding Films by Blaise Fer,"I recently ordered placemats and tea lights from Mrs. Alice Shop, and once again, I am delighted with my purchase! The delivery was incredibly fast, arriving right on time. The quality of both the placemats and tea lights is excellent – they are not only beautiful but also durable. I've bought from Mrs. Alce before, and I've never had any issues with their service or products. The packaging was another highlight – so beautiful and thoughtfully done. ",I recently ordered placemats and tea…,5,GB
2025-02-20,Anita Mekkaoui ,"Very happy with my pink tea  lights
Delivery was fast
They came beautifully wrapped 
Will definitely be  buying more 

",Very happy with my pink tea  lights,5,GB
2025-02-20,Isabella Wookey,Love my new shades,Love my new shades,5,GB
2025-02-20,JennySB,"Really easy to order the parrot lamp base I wanted (from a great choice) and it arrived beautifully packed, with a personal note from Mrs Alice (very much appreciated).  It is absolutely beautiful and I am thrilled with it.  Thinking of ordering a tablecloth next, and perhaps some matching parrot candlesticks.  ",Beautiful product and so easy to order,5,GB
2025-02-19,S Mangral,"I ordered a couple of lampshades, one arrived damaged. The customer service was great! They sent me a replacement the next day.I love the shades. They give off a good amount of light. I find that thickly lined shades don’t give off enough light so I’m really happy with these!",Great customer service and beautiful lampshades,5,GB
2025-02-19,Erin Fitzgibbons Satterwhite,Shipped quickly and packaged carefully!  Love the whimsical funny little flamingos!,Shipped quickly and packaged carefully,5,US
2025-02-19,James Campbell,"The items came quickly, in good condition, and were the quality I expected. ",Happy with my purchases. ,5,US
2025-02-18,Harriet J,"Beautiful toleware tray, it is genuinely exquisite. Fast delivery. ",Beautiful toleware tray,5,GB
2025-02-18,CLARE MUKHERJEE,Fast shipping and incredible price for such chic things. Love Mrs Alice.,Fast shipping and incredible price for…,5,GB
2025-02-18,Sally,Beautiful candle sticks and very well packaged,Beautiful candle sticks and very well…,5,GB
2025-02-18,Sophie Cole,"Absolutely beautiful products and incredible customer service, I’m very impressed. ",Beautiful products and incredible customer service ,5,GB
2025-02-18,Marie M.,"Whenever I want something special for teatime, or just to have something unique at my home, I always purchase something from the store. Exceptional products, equally exceptional customer service. ",Exceptional products & customer service,5,US
2025-02-18,Melissa Garcia,I purchased as a gift.It was such a nice touch to have the items beautifully wrapped. I am very pleased. ,The details to packaging and presentation. Made my day!!,5,US
2025-02-17,Tonja Blalack,"Love the rechargeable lamp and the sweet, colorful lamp shade!",Love the lamp,5,US
2025-02-17,Carol Pink,"Excellent service and lovely lamp, thank you",Excellent service and lovely lamp,5,GB
2025-02-17,Ava,Excellent customer service! They are very quick to respond and really helpful! I will definitely purchase from them again in the future. ,Excellent customer service,5,US
2025-02-17,Diana Oglesby,Great customer service and product ,Great customer service and product,5,US
2025-02-17,Wendy Bogle,"Love, love Mrs. Alice! The products are unique, well made and shipping is fast. I purchased the wicker lampshade and it’s beautiful and so unique. ",Wonderful and Unique Products!,5,US
2025-02-17,Jane Tarrant,"LOVE all of my purchases from Mrs Alice. The lamps, side tables and candlesticks are gorgeous. Fast delivery time. Excellent products.",LOVE all of my purchases from Mrs…,5,GB
2025-02-17,Vicky Bauer,"Really lovely product. I’ve had 4 lamp shades which look great in my house.
Well made , comes in pretty packaging.
All round well thought out. ",Really lovely product,5,GB
2025-02-15,Melissa,My order shipped quickly and arrived beautiful wrapped. My friend loved the glasses!,My order shipped quickly and arrived…,5,US
2025-02-12,Patsy Holdsworth,"I was so thrilled with my lampshades. They are really pretty, well made and very good value. Delivery was quick and the service was great. I would certainly recommend them ",I was so thrilled with my lampshades,5,GB
2025-02-11,Joanna,"Easy ordering, quick shipping, gorgeous quality product. So happy!",Great experience!,5,US
2025-02-11,Claire Bolton,"Product exceeded expectations. Beautiful craftsmanship. Really strong rattan. Speedy delivery and very well packaged. 
I actually purchased the breakfast tray for a dressing table for my baby granddaughter, it’s perfect. Very sturdy.  She can sit at it on a small stool with her legs under just like a dressing table. ",Most perfect rattan table ,5,GB
2025-02-11,Susan Bell,I am very happy with my lampshade. It’s exactly what I was looking for. It arrived in perfect condition and you shipped it quickly. Thank you.,I am very happy with my lampshade,5,US
2025-02-10,Boston,"I ordered a tablecloth and the package arrived within three days from England. That was a wonderful surprise 
and the packaging was truly beautiful to unwrap.
My only quibble was I didn't realize the tablecloth had a white/cream border - could not see it from pictures displayed on internet. But, I am still delighted with my purchase !!",I ordered a tablecloth and the package…,5,US
2025-02-10,E stevenson,Prompt delivery of qaulity product,Prompt delivery of qaulity product,5,GB
2025-02-10,Miss Elena Perdomo-Spinola,It’s fantastic and all purchase is very beautiful.Thsnks,It’s fantastic and all purchase is very…,5,ES
2025-02-09,Ann,"Great customer service, terrific packaging, delightful products. All around quick response. I’m excited to place another order.",Great customer service,5,US
2025-02-08,Bee Neu,"Absolutely thrilled with the whole experience- I ordered several items- some of them very fragile. The parcel arrived very quickly and unpacking was a bit like Christmas! Every item had been beautifully and carefully packaged AND had a gorgeous ribbon on it: such a lovely touch! The products are all excellent quality, I couldn't be happier. Thank you so much to the entire team. ",Absolutely thrilled with the whole…,5,CH
2025-02-08,Marianne Masterson,My ordre arrived in a beautiful box with nice bows around every item. ,My ordre arrived in a beautiful box…,5,ES
2025-02-08,Paul William Mason,Beautiful product as per description and photos. Delivered promptly and very well packaged. Thank you ,Beautiful product as per description…,5,GB
2025-02-07,Consumer,"A huge fan of Mrs Alice products for a while and finally managed to get my hands on a few of them! Beautifully packaged and super pretty products, great quality and service. Looking forward to styling my tablescapes with all these amazing products. ",A huge fan of Mrs Alice products for a…,5,GB
2025-02-07,Henrietta,"Incredibly speedy delivery and product was exactly what we were looking for. Beautifully packaged too, which is always a nice touch. Thank you :-)",Super,5,GB
2025-02-07,EP,Lovely lamp and when I had a question for the customer services team they were able to help me really quickly. ,Great customer service,5,GB
2025-02-06,Jo-Ann Schroeder,I love my beautiful bow napkin rings.,I love my beautiful bow napkin rings.,5,US
2025-02-06,Linda,Terrific monogrammed apron! Planning to give it to our daughter for her birthday on Saturday! She loves anything ‘leopard’ print. I think she’s going to LOVE it!,Terrific monogrammed apron,5,US
2025-02-06,Sherry Wells,"I ordered the parrot candleholder in blue and just received them. They are exquisite. I’m delighted with them and I consider the price very reasonable, especially when compared to other similar candleholders. I can’t wait to use them in my dining room. ",Worth the wait ,5,US
2025-02-06,Ashley,Everything is stunning! Thank you so much for helping me decorate my table for an upcoming baby shower. The storks are perfect!,Everything is stunning,5,US
2025-02-06,Alisa Cody,"I love all of Mrs. Alice products especially her tablescapes (bought Fall, Christmas & Easter tabledcapes and receive many compliments! I recently purchased 2 rechargeable lamps with cream shades. Unfortunately, 1 lantern was faulty. For the price I paid I was disappointed & upset. However, Mrs. Alice did understand and will be sending me a replacement. Fantastic customer service and understanding the lanterns together on my table would have been useless (tho still pretty). I appreciate the quick response and look forward to my replacement lantern as well eager to see future products to purchase!",Chargeable lanterns,5,US
2025-02-06,M.H.,Love the placemats— festive and fun!,Love the placemats— festive and fun!,5,US
2025-02-06,Alex,"Great service and beautifully curated products. A bonus, they come wrapped and ready to give as gifts. ",Great service and beautifully curated…,5,GB
2025-02-06,Rebecca,"I bought for the first from Mrs. Alice. I love the stuff they sell, it’s so pretty and feminine and right up my street. I had to send a couple of things back as they weren’t suitable and the customer care team were incredibly helpful. They really set the standard for every high quality online boutique. Can’t recommend highly enough. Will definitely purchase from Mrs. Alice again. ",The best service and products ,5,GB
2025-02-05,Jane Mass,Easy to order. Seamless delivery. Adorable product. ,Easy to order,5,US
2025-02-04,Carla,Rechargeable lamps are even more beautiful in person. They were beautifully packed as well. Super fast and responsive customer service when i emailed about an issue with my lamp,Rechargeable lamps are even more…,5,GB
2025-02-04,Jeanine E.,Shipping was speedy and product arrived in perfect condition and each item wrapped in tissue like it was my birthday! Such a fun celebration opening each item I purchased. ,Receiving your box felt like my birthday!,5,US
2025-02-03,Annette,"Beautiful photo frames, perfect for what I need.",Beautiful photo frames,5,GB
2025-02-03,Lisa,"Great product!  The lamps are just perfect for the space.  The customer service is top notch, speedy replies and quick to find solutions to take care of the customer.  Highly recommend, will definitely shop here again.","Great product, great customer service",5,US
2025-02-03,Bob Morrissey,Second time I have bought from Mrs Alice- great products that make a difference- always come beautifully presented - v. Happy,Second time I have bought from Mrs…,5,GB
2025-02-03,Claire McFadden,"I recently purchased a lamp from Mrs. Alice, and I couldn’t be more pleased! The lamp is incredibly stylish, adding a touch of elegance to my home. It arrived promptly, beautifully packaged. It perfectly complements my decor. Highly recommend Mrs. Alice for anyone seeking chic and timeless home accessories!",I recently purchased a lamp from Mrs,5,GB
2025-02-03,Amy Harden,Always a good day when a package arrived fromMrs. Alice! Charmingly wrapped as if a gift which it is! From me to me! To be displayed at the next holiday or dinner party!,It’s a good day…,5,US
2025-02-03,Margaret Garde,Everything was as expected,Everything was as expected,1,GB
2025-02-02,Kathryn,"Beautiful products. Packaged so safely. And shipped quickly to US! 
Love everything about Mrs Alice ⭐️",Beautiful products,5,US
2025-02-02,Gayane Ordukhanyan,Great products,Great products,5,US
2025-02-01,Amanda Andrews,"Lovely table linen, as always and prompt delivery. Beautifully wrapped too! Thank you.",Lovely table linen,5,GB
2025-02-01,GSC,Purchased a set of blue cabbage dinner/dessert plates and they’re just gorgeous. Quality and color exceeded my already high expectations.  The customer service at Mrs. Alice is excellent too! ,Blue cabbage plates – – gorgeous!,5,US
2025-02-01,Kim Deck,Everything turned out great. My little lamps are beautiful.,Beautiful lamps!,5,US
2025-02-01,Julianne Haycox,The products are beautifully made and very special! They set the mood for our holiday dinner! Our guests loved the table setting and felt the spirit of Christmas with the magical setting!,The products are beautifully made and…,5,US
2025-02-01,Doreen von Maur,"I received a damaged item and after contacting customer support, they immediately contacted me and immediately sent out a new one without me having to send the damaged one back. Every thing from this company is fabulous!  I have recommended Mrs Alice to all my friends and family, and they all love it as well! ",I received a damaged item and after…,5,US
2025-01-31,Tracy Galbraith-Lowe,"Fast shipping and great customer service
Rattan effect heavy duty gorgeous stags. Lucky enough to get them in the sale. Fantastic quality and superbly packaged for delivery ",Green Rattan Stags,5,GB
2025-01-31,Sarah,"All of the products arrived packaged well and wrapped in tissue paper with a bow which was a nice touch. The different sized gold glitter trees are beautiful and will make a lovely, but subtle statement on the table for the holidays. I even put them on the table this January, long after the Christmas decorations were packed up and put away. And the rattan casserole dish and pagoda are simply charming. ",Post Christmas Sale Order,5,US
2025-01-31,Tara,I recently bought a lamp from Mrs Alice. It was delivered very quickly. The packaging was beautifully done. I love my rechargeable lamp! I spoke to Sarah in customer service. She was so helpful. I will definitely buy from Mrs Alice again. ,So helpful! ,5,IE
2025-01-31,Sarah Jost,"Shipping was swift! And I had a question about color ways and if “Mrs. Alice” did different colors than what was listed on the website. The response was almost immediate, and my questions were also answered about shipping to the states once I ordered the paper.",Shipping was swift,5,US
2025-01-31,Nancy,Color was not right. Didn’t realize returning meant paying for postage. Had to return anyway and took the loss. Will try Pooky instead for shades,Color was not right,2,US
2025-01-30,Diane Coia Ramsay,"Beautiful Merchandize!
I love opening my latest delivery. Always beautifully packed and the colors, fabrics, well everything, a classic!",Beautiful Merchandize!,5,US
2025-01-30,Jean Nestares,All good … my dinner table are happier because of you! Thank you for creating !,All good … my dinner table are happier…,5,US
2025-01-30,Sally D,"A beautiful unboxing experience and really thoughtful products. So much so that, although I’ve accidentally ordered doubles in everything, I am keeping the duplicates for gifting! A great brand ",A beautiful unboxing experience and…,5,US
2025-01-30,Mariyah Fritz,Love everything! Items are so well constructed. Shipping is fast and painless. Packaging is extra special. I’m a huge fan and repeat customer. So thrilled with all my purchases! ,Love Everything! ,5,US
2025-01-30,wendygraycox.net,They were very helpful with my return and made the process so easy. I love a company with excellent customer service! ,The customer service rep was vey attentive. ,5,US
2025-01-30,David,Found several issues with a product.  Reported the problems to Mrs. Alice and immediately received an email from customer service.  They were very prompt and helpful. Will shop again with Mrs. Alice.,Excellent customer service response,5,US
2025-01-29,Paige Connelly,My piece was taking longer than I thought and they allowed me to cancel my order even though it was a custom piece.,Above and beyond,5,US
2025-01-29,Jean Booth,"Excellent quality product, amazingly fast delivery and easy to use website. ",Excellent quality product,5,GB
2025-01-29,Francis Steer,Great quality and a good range of fantastic designs.,Great Quality,5,GB
2025-01-29,Talbot Lewin,Item came on time and were fabulous,Item came on time and were fabulous,5,US
2025-01-29,Wasaef Alturki,"This is my first order and i am impressed on everything the packaging, the quality of the products everything thing was amazing, thank you for taking care of every details this shop is one of a kind ! ❤️ wish you all the best ",This is my first order and i am…,5,SA
2025-01-29,Alexandra Black,"I absolutely love shopping at Mrs. Alice! Everything is always of the most wonderful quality, and the attention to detail is unmatched. My orders arrive incredibly quickly—comparable to Amazon—which is such a pleasant surprise for a boutique shop. The packaging is always so beautifully and carefully done, making each delivery feel like a special treat. It’s truly a joy to purchase from here, and I can’t recommend it highly enough!",I absolutely love it!,5,GB
2025-01-29,Tracy Carroll,The rattan pagoda was as lovely as I hoped. Great quality and it arrived quickly,The rattan pagoda was as lovely as I…,5,US
2025-01-29,Sophie Pearce,So many deliciously beautiful things to feast the eye on! Super speedy delivery and never disappointed by the quality of the items. ,Deliciously beautiful.,5,GB
2025-01-28,Jessica Black,"As a long term customer of Mrs Alice I have slowly invested in pieces over the last couple of years whilst renovating my home. I often get complements on each item and have given many other pieces as gifts which people love! Such gorgeous style, traditional yet modern slow trends. ",love,5,GB
2025-01-28,William Mclardy,"I ordered my goods at what I considered to be a reasonable price and excellent quality. These were delivered to my home without delay and I have too say packed professionally and with care. In conclusion I have ordered items in the past and always been happy with them.
Given all of the above I can confirm I will be shopping at this site in the future.
Well done everyone !
",I ordered my goods at what I considered…,5,GB
2025-01-28,Todd Nabors,"The charming woven rattan pagodas arrived promptly in excellent condition at a good price.  They are well made and designed. I am pleased, and I would purchase again.  ",The charming woven rattan pagodas…,5,US
2025-01-28,Alec,"Awesome product, great customer service, quick delivery ",Awesome product,5,US
2025-01-28,Jo Porter,"My new customer discount wouldnt work and i wanted to purchase a few gifts for my  friends birthdays . So i messaged customer services and was really surprised how super efficient and helpful they really were ! They sent it by e mail almost  straight away, So i could order straight away ! And when the gifts arived , Wow they were wrapped so beautifully, thankyou for that 🙏",My new customer discount wouldnt work…,5,GB
2025-01-28,Gab,"Super efficient shipping and experience! Items came nicely wrapped with ribbon! Great display, highly recommend ",Super efficient shipping and…,5,GB
2025-01-28,Laura Hirst,My favourite home website everything always comes beautifully wrapped the items are amazing I always buy from Mrs Alice highly recommended ,My favourite home west website…,5,GB
2025-01-27,Clare Hughes ,"Absolutely beautiful tea lights, they are stunning and look beautiful on my kitchen island.  They were packaged so beautifully too, the pink bow was a lovely finishing touch!  Very quick delivery.  I would highly recommend Miss Alice, a great customer experience from start to finish!  Thank you ",Absolutely beautiful tea lights,5,GB
2025-01-27,A Nicholl,"Absolutely delighted with the green ikat lampshade I ordered. It looks beautiful and is such good quality. Speedy delivery and it came wrapped in a green bow, nice touch.",Delighted,5,GB
2025-01-27,Carolina Lewis,"Customer service is absolutely incredible!!!
If you need something in a rush they will get it to you! 
Amazing products! ",Customer service is absolutely…,5,US
2025-01-27,RuthPalfreyman,"Professional, efficient and brilliant prompt service and communication. 
Thank you! ",fabilous ,5,GB
2025-01-27,Lucy,"I’ve ordered a few things through you now and your products always arrive in pristine condition with gorgeous packaging. I love nothing more than dressing our table for lunches and dinner parties and it wouldn’t be the same without the tablecloths and ornaments. One request though, could you do a size up from Large please??!! ",Fab experience…,5,GB
2025-01-27,Lizie Gower,"Everything arrives beautifully packaged and of the highest quality I have loved everything I have bought which is a lot . The napkin bows in green , pink and red make the table setting look very elegant . The thanksgiving and Christmas packages were especially good ",Everything arrives beautifully packaged…,5,FR
2025-01-24,S. Fujii,I appreciate my gorgeous rattan lanterns. They are well made and beautiful. ,I appreciate my gorgeous rattan…,5,US
2025-01-24,Katie Walker,Great product and fast delivery! ,Great product and fast delivery!,5,GB
2025-01-24,Mrs ceulemans,"Beautiful collection, wonderful variety of products with excellent taste. Lovely accompanying note and solid packaging. Professional and quick delivery. As usual, a great experience!",Beautiful collection,5,BE
2025-01-24,Karen X,I absolutely love my recent o purchase from Mrs Alice. Quality item and 5 star service. ,I absolutely love my recent o purchase…,5,GB
2025-01-24,Ana Iraizoz,Beautiful items and wrapping beautiful and good service! ,Beautiful items and beautiful wrapping!! ,5,GB
2025-01-24,Immy,"Lovely, quality products, beautifully wrapped and safely packaged. Friendly team and speedy delivery. I’ve bought several items from Mrs Alice over the years and love them all. Some things are a bit overpriced but they do great sales! Perfect for gifts or just adding a bit of joy to your own home. ",An online shop of joy!,4,GB
2025-01-24,Serial Mom,Mrs Alice gives the best products with the best delivery! ,The Best Products ,5,GB
2025-01-23,Debra Bartlett ,"When i opened the beautiful box with my candle holders in, it genuinely took my breath away just how stunning they are. I cant stop admiring them. Thankyou. Debbie. ",When i opened the beautiful box with my…,5,GB
2025-01-23,Betty Parkerson,"Lovely experience, such courteous customer service and really wonderful products. The parrot lamp is adorable and ikat shade is superb quality.  The rattan tray is so well made and unique. I’m waiting on two more pieces. I’m a recent client, but I promise I am a fan. I love supporting small businesses, and always appreciate fine quality products thoughtfully curated. ",Lovely experience,5,US
2025-01-23,Rosa,"So beautifully packed, items are well designed ",So beautifully packed,5,CA
2025-01-23,Miss B,Super fast shipping and exquisite items - couldn't love Mrs Alice more!,Always amazing,5,GB
2025-01-23,Guadalupe,"The product is amazing, and the customer service is incredible!!",The product is amazing,5,KN
2025-01-23,Kelley F,"Beautiful product, well made, and arrived quickly. I will definitely order again from Mrs Alice!",Beautiful product,5,US
2025-01-23,Debbie,Beautiful quality look forward to using the placemats next Christmas ,Beautiful quality look forward to using…,5,US
2025-01-23,Michaela Mook,Mrs Alice is a very reputable online shop. Delivery to Germany works smoothly and very quickly. Questions about product details are answered quickly and reliably... Mrs Alice is one of my favourite online shops!,Mrs Alice is a very reputable online…,5,DE
2025-01-23,customer,The Customer Care is incredibly efficient and understanding. My order was delivered beautifully packaged and true to the online presentation. The quality means that I will continue to shop at Mrs Alice,Excellent Customer Care ,5,GB
2025-01-23,Beth Thorndyke,This little lampshade took an inexpensive lamp from basic to a high end look. ,Great lampshade,5,US
2025-01-23,Halley L.,"I recently made my first ever Mrs. Alice purchase- a gorgeous serving tray- after stalking the Instagram account for some time now. My tray arrived just a few days after, in a beautiful box and perfect condition! I just love all things Mrs. Alice and cannot wait to start building out my tablescapes with her treasures in years to come.",Obsessed!,5,US
2025-01-22,Kiki Darlowe,My top pick for high quality decorative elements.,My top pick for high quality decorative…,5,GB
2025-01-22,Catherine Napier,I’m becoming obsessed with Mrs Alice.  I love the quality and the look of just about everything on her site. The dishes I bought are perfect.  I’m also obsessed with her videos. Hysterical!!!,I’m becoming obsessed with Mrs Alice,5,US
2025-01-22,Charlotte Davies,Beautifully packaged and gorgeous products! ,Beautifully packaged and gorgeous…,5,GB
2025-01-21,Jennifer Hayslip,Love Mrs. Alice designs and I was so happy to receive my pink gingham cushions. Wonderful quality and excellent customer service! Fast shipping as well. Very pleased customer. ,Love my pink gingham seat cushions! ,5,US
2025-01-21,Chris,Always a pleasure buying from this website. Lovely products that arrive beautifully packaged. Thank you. ,Always a pleasure buying from this…,5,GB
2025-01-21,Helen Middle,"Perfection.  Stunning range of  products, prompt delivery and beautifully wrapped to boo. ",Perfection,5,GB
2025-01-21,Jade,Lovely designs and good quality products. I will shop again,Lovely designs and good quality…,5,GB
2025-01-21,martina begley,"Very surprised how quick delivery was. And when you see the box wow you know something special is in there. I love the whole idea of table escape and Mrs Alice does it with Style.
Thank you 
", Luxury as fineness,5,GB
2025-01-21,Abigail,This is the most gorgeous company. The tray is perfect and arrived the very next day. So happy with my first purchase…I will be back many times I’m sure ⭐️,This is the most gorgeous company,5,GB
2025-01-21,sashhotmail.com,Beautiful products and delivered quickly thank you!,Beautiful products and delivered…,5,GB
2025-01-20,Sibyl Cushman,"To me, the mark of an excellent company is how they resolve problems when they invariably occur. I’d ordered some lovely linen napkins, but the monograms I’d also ordered hadn’t been done. I was so disappointed, but when I reached out to customer service, they immediately resolved the issue. I just received my napkins and couldn’t be happier. They’re just lovely and I’m very impressed by the excellent customer service I received. ",Lovely napkins; exceptional customer service,5,US
2025-01-20,Liz Cooper,Always beautiful service and presentation.,Always beautiful service and…,5,FR
2025-01-20,Sarah Western,I ordered some parrot candle holders back in October. After the third email I received saying delivery had been delayed yet again until well after Christmas I asked for a refund (as they invited me to do). I have not received any response or any refund despite sending 6 separate emails chasing. I’ve now had to report them to Amex. Seeing Mrs Alice flaunting her wealth on insta whilst holding onto my money for 4 months (and counting) adds insult to injury. Company should be investigated ,Don’t deliver goods ordered and ignore you!,1,GB
2025-01-17,marsha rose,My order arrived with one of a pair of l,My order arrived with one of a pair of ltems broken. My email requesting assistance was responded to very quickly with an easy resolution. The staff was wonderful. Highly recommend this company. ,5,US
2025-01-16,Lucia Riva,"SELECTED AND VERY BEAUTIFUL PRODUCTS, ATTENTIVE AND PRECISE CUSTOMER SERVICE. SERIOUS AND RELIABLE",SELECTED AND VERY BEAUTIFUL PRODUCTS,5,IT
2025-01-15,Ellen,"Mrs Alice is not only an outstanding home decor and accessories company offering unique and exceptionally stylish goods; but, their customer service is exceptional and queries are promptly answered.",Exceptional home accessories company,5,US
2025-01-14,Natasha M,"Great customer service, my product broke as I opened the box and they sent a replacement with no fuss at all. Highly recommend ",Great customer service,5,GB
2025-01-13,Judith,"Lovely item, received as seen",Lovely item,5,GB
2025-01-11,L. W.,I placed my first ordered and was very impressed with the quality. One of the items was missing a small piece and their customer service was exceptional. They wrote me a very courteous note and immediate sent the piece via courier direct from England. It was so carefully packaged as was my initial order items. Definitely recommend Mrs. Alice and will order again. They have made me a confident and loyal customer. I can trust their items and that they will take good care of my business with them. Brava!,I placed my first ordered and was very…,5,US
2025-01-11,Monica Wells,"The Mrs. Alice company is timely with communication . I purchased to sets of candlesticks. I look forward to using the candlesticks; they are lovely with exquisite, unique, design.I will definitely shop at Mrs. Alice in the future.",The merchandise is gorgeous.,5,US
2025-01-10,Miranda Collins,"I sent the Customer Care team at Mrs. Alice a message on Monday evening about a fault that had developed in a product I purchased in the Autumn - within five minutes I had an initial response and after a bit more correspondence, a replacement item was in situ in my home four days later!  Thank you for such kind and efficient service.   ",Kind and efficient service,5,GB
2025-01-08,Shazlin MOHAMED ZAIN,"Have been buying regularly from Mrs Alice , and each time the experience has been pleasant especially because the homeware they have available are so delightful ! And if I need something urgently they will always try to ship it out to me to meet my dates . Thank you as always ! ",Mrs Alice Customer Review ,5,MY
2025-01-08,Ms Mira Sadadcharam,"I recently purchased one of your rechargeable lamps. Unfortunately, the initial lamp that was shipped didn't work properly. I contacted customer service for advice and got an instant reply confirming a replacement would be shipped out. In fact, it was shipped (priority) the next day. I cannot commend your customer service enough. The lamp and shade are absolutely stunning. The ability to control the intensity of light (3 settings) is an added bonus not present on rechargeable lamps from other companies. All in all, a marvellous first experience and certainly not my last time purchasing from this company",Outstanding customer service,5,IE
2025-01-05,Lisal Haldi Gorman,When I made my purchase from Mrs. Alice I forgot to apply my discount. When I brought it to the attention of customer service they refunded it right away! Such a nice experience. ,When I made my purchase from Mrs,5,US
2025-01-05,Katie Mueller,"I ordered 4 plates which came promptly.  Unfortunately, 2 were broken.  I contacted Mrs. Alice and they responded quickly and are sending me plates to replace the broken ones.  Great customer service!",Great customer service!,5,US
2025-01-05,Colleen Peters,Good email communication re: status. ,Good email communication re,4,US
2025-01-04,Linda Meadows,"Mrs. Aice has wonderful customer service. She has very beautiful tablescapes. I always look forward to seeing her new designs, and have purchased many of her beautiful items. Her videos and photos on instagram are stunning as well.",Gorgeous Products,5,US
2024-12-27,Margot Seglias,Great customer service. Reimbursed immediately for damaged item. Would have repurchased item butbthey were sold out.,Great customer service,5,US
2024-12-27,Tracy Thurman,"I was looking for something a bit special, when I came across, what appeared to be some good quality small rattan effect reindeer from Mrs Alice, l paid around £100 for the pair.   l expected they would be good quality and would last for many years of festive display, they arrived in lovely packaging and l was delighted, however this was short lived as sadly they turned out to be faulty, poor quality for the price paid and not fit for purpose. 

When l purchased the first pair of reindeer part of the leg fell off the first one, and not long after on the second one too,  literally for no reason! strangely in very similar locations on the leg, l couldn't understand it as they only been in place about a week and hadn't been touched (were just stood on the floor in my sitting room as part of my Christmas décor) this was very odd as room only lightly used and only by 2 adults?  I was upset and couldn't understand it, so my partner replaced them for me and bought me another set ready for this Christmas 2024. I realise now I should have asked for a refund at this time, but gave them the benefit of the doubt and just repurchased.

Fast foward to this Christmas when l got the new unused set out a few weeks ago, and guess what?!...In the last week l have discovered the legs have again fallen off both of the deer in the new 
unused set too, again within a few weeks of them being placed on display!!  

Sadly l now know this definitely down to a fault/quality issue, the material used is porous/brittle and causes the legs to fall 
apart after just getting them out of the box and placing them on the floor. 
As it has now become obvious that this is a design/manufacturing flaw I have contacted Mrs Alice but they aren't prepared to do anything, due to the purchase timescale involved, obviously I'm aware of this, but considering the new set were only got out a few weeks ago, I would have thought the fact that there is clearly an issue within the product they may have made exception, but no.. Therefore l have now spent around £200 on small decorative deer that all lost their legs because of poor quality/design fault within a few weeks of being put on display, which is completely unacceptable.

Hugely disappointing experience with Mrs Alice. 

***Update..thank you for your reply to my review Mrs Alice, it certainly is frustrating as the first pair of reindeer were simply drlivered by you, and got out of the box straight away, they were then carefully placed on display, the legs just came apart after a few weeks of this, the second replacement pair were not removed from the box, l stored them in the box you sent them in in the corner of the attic until getting them out this Christmas, where once again l simply got them out the box and put them on 
display and within a few weeks the legs had once again fallen off. 

Both sets were untouched and the replacement set stored correctly in your packaging untouched and yet both sets lasted a few weeks only before legs fell off!! so there was actually no time for any
 wear and tear!! In the circumstances it is absolutely obvious and so very clearly a design fault on these, unless its acceptable for a set of decorative reindeer costing around £100 to last around 2 weeks after being placed on display, before their legs fall off and they have to be thrown away... not just on one new set but two new sets!!? and whilst l appreciate your policy on reporting faults etc, in this case it's pretty obvious there's an issue with the product itself, so l feel an exception could have been made in the interests of fairness and good customer service.",Look beautiful but poor quality…,1,GB
2024-12-27,Lore,Friendly and fast answer to our queries.,Friendly and fast answer to our queries.,5,CH
2024-12-24,Mary Davis,"Lovely, joyful holiday decor, beautifully packaged and at an excellent price. Nicely selected array of items contained in the set gave our dining table and mantel an immediate holiday dressing up! Very pleased. ",Joyful ,5,US
2024-12-23,Rory Kutch,Horrible. My Christmas table has been ruined. I ordered a tablecloth and placemats on November 26th. I just received notice that will not get them until January 1st. Ruined my Christmas dinner. ,Horrible,1,US
2024-12-22,josephine cross,"Nothing was too much trouble and  Mrs. Alice upgraded my delivery option free of charge to ensure the crackers arrived in time for Christmas.
All done with the utmost of goodwill - a real pleasure to deal with thank you!",Nothing was too much trouble!,5,GB
2024-12-22,Leslie,Great service.  Wonderful products beautifully packaged. ,Great service,5,GB
2024-12-20,Christal,Received exactly what the website indicated. Items are a beautiful addition to our holiday table. ,Beautifully curated tabletop ,5,US
2024-12-20,Jamie,"High quality products and phenomenal customer service. The logistics side of things  (tracking numbers, estimated delivery) could be better, but I received responses from the team almost immediately when I asked for updates on my deliveries. ",Great quality & customer service ,5,US
2024-12-20,J M,"Does anyone else's tablecloths smell of industrial oil? 
Update:
Aired the tablecloth, the second that had an odd smell and after Christmas washed on a 20'degree wash, the colour ran and the smell was again awful. Had to leave it outside. Never again will I purchase, awful quality and way over priced for the quality. 
",Does anyone else's tablecloths smell of…,3,GB
2024-12-19,Mary,"I’m extremely impressed with the customer service and overall experience with Mrs. Alice. They are incredibly responsive, replying back immediately and ensuring that everything is taken care of promptly. The products are top-notch and truly take the guesswork out of setting a beautiful table. The tablescapes are thoughtfully and tastefully designed, making every meal feel special. Mrs. Alice does an exceptional job curating these products. Her attention to detail and commitment to quality is evident in everything she offers. I absolutely love her products and highly recommend this company for anyone looking to elevate their dining experience",I’m extremely impressed with the…,5,US
2024-12-17,Neska,"I had the best customer's service ever experienced. Quick to respond and they not only replaced broken item but they gift me extras, which it was beyond expectations.",I had the best customer's service ever…,5,GB
2024-12-17,US Customer,These reviews must be paid for. Her items are absolutely beautiful but good luck getting them.  I have ordered multiple times from this website and have never not had a problem. I order immediately after seeing the well crafted instagrams and then they proceed to string me along until a week before he holiday saying it’s out of stock. I’ve never seen anything like it. It’s so disappointing and happened with 2 Christmas ordered ordered mid November and one Easter order. The instagram is beautiful entertainment but they obviously don’t run things correctly.,These reviews must be paid for,1,US
2024-12-16,Stéphanie Joly,Prompt and professional answer.,Prompt and professional answer.,5,FR
2024-12-16,Jo Smith,"I ordered from MrsAlice on 4th Dec, as I’m in the UK their website states 2 days for delivery. 
I had an email to confirm and nothing since, no delivery information emails or any contact to say a delay. 
 . I’ve contacted them twice by email and contact form and on instagram, but no reply at all! 
This order is for a Christmas present for someone very special and if it doesn’t arrive there will be a lot of disappointment. 
There isn’t a contact number for help or advice  and so far messages aren’t replied to 

There is a response below to my review , I only received a message three days after I contacted customer services and also after the reply on trust pilot . 
I was assured in this message  I would be contacted with delivery this week and yet still nothing , this was also the first time I had been told there would be a longer delivery time due to the customisation . This wasn’t obvious on the order .

It’s now 16 days since I ordered and still haven’t received my order ",Items not arrived and no response to messages,1,GB
2024-12-16,KS,"I ordered something, then had to cancel and they were very quick and efficient with a reply and refund. I also had a problem with an order I received and they kindly took care of it right away. I love how responsive their customer service is and they have beautiful products! The quality and packaging is superior! ",My new favorite store!,5,US
2024-12-14,Marianne Furnes,They replied on my request very quickly and sent me the nicest email. Love how they seem to do everything they can to help. Will most definitely shop here again! 🥰,They replied on my request very quickly…,5,NO
2024-12-12,Sally,Be aware that it took a full month from ordering to shipping the decoration set. The recipient was impressed with the wrapping and packaging and happy with the items though. ,Order fulfillment very slow,3,US
2024-12-10,Camilla Watson,Customer service responded very promptly and addressed my concerns!,Customer service responded very…,5,US
2024-12-05,SUE BARBER,"Excellent service and gorgeous products.
Also, fabulous Instagram stories!",Excellent service and gorgeous…,5,GB
2024-12-03,Tehani Montaron,"The shipping times posted on the site were not correct, over double the time which resulted in me not getting my items in time as was indicated. Also, I ordered monogrammed items, paid for the monogramming, and received items that were not monogrammed. Lastly in order to return the items I will need to pay for shipping.",The shipping times posted on t…,1,US
2024-12-03,MALVINA SARANTITI,"Never delivered !!
Placed it on the 25th for Delivery before Thanksgiving and then received message for delivery on Monday Dec 1st but it has not been delivered !",Never delivered !!,1,GB
2024-12-02,Morgan hamilton,I love the items but two plates are broken( chipped). The packaging was well covered so had to happen in shipping ,I love the items but two plates are…,3,US
2024-11-28,Maggie Wyvill,Lovely unique pieces at affordable prices. ,Lovely unique pieces at affordable…,5,GB
2024-11-28,Ann Morrell,"If I could give them a 0 I would. Like all the others, Mrs Alice failed to send me tablecloths, pheasants and a butter dish by Thanksgiving. I ordered the goods in October and followed up several times by email because they fail to have a phone number.  The email responses said they were waiting for one item that was to be shipped within days. Nothing arrived by Thanksgiving. Had they been honest about the goods I could have found alternatives for the holiday. Too late now. Very disappointed, frustrated and angry. 

They do not have the inventory to support all of their social media and other outreaches. ",If I could give them a 0 I would,1,US
2024-11-27,Mimi,"very nice 
solution quickly handled ",very nice ,5,US
2024-11-27,SNB,"Fast delivery,excellent product and wonderful customer service!","Fast delivery,excellent product and…",5,US
2024-11-27,Emily,"I placed an order for a tablecloth and candles for my thanksgiving table before the guaranteed deadline. 
The package took several days to get out to fedex and now is arriving after thanksgiving. ",I placed an order for a tablecloth and…,1,US
2024-11-27,Jessica Carpenter,"I’ve just received my parcel and I’m blown away by the care and attention to detail of how they were wrapped. Wow they look amazing. I can’t wait to see inside now. 

And inside is just as beautiful as the outside. I’ll definitely be ordering again 
Thank you 
",Just beautiful ,5,GB
2024-11-26,Elisabetta,"I love the web site, it make easy to shoo.
I love  everything on it, very elegant and beautiful.
",I love the web site,5,US
2024-11-26,Jilly Bhamra,"Still no delivery of goods ! Paid for it to come by DPD…. Nothing ? Well over a week ago now and nothing . No communication, nothing …",Still no delivery of goods ,1,GB
2024-11-26,Suzanne Fuentes,I ordered two of the same product and they were substantially different.  Such a disappointment. ,I ordered two of the same product and…,1,US
2024-11-26,Mindy Wolf,"They responded in a reasonable time frame, were helpful and pleasant. Not every company has helpful customer service and they do!",Kind customer service!,5,US
2024-11-25,Claire Anderson,Customer service is non existent it seems to be run by a chatbot with no one monitoring emails. Very frustrating.,Customer service is non existent it…,1,GB
2024-11-25,Diane Lande,"The choices, the way the website is set up, the feeling of elegance and refinement ",Gisèle ,5,US
2024-11-25,Steph,Lovely products.,Candlesticks,5,GB
2024-11-25,"Corinne Brown, Realtor","Where do I start? My Mrs. Alice order still isn't here (partial order received) and I placed the in-stock order over 3 weeks ago on 11/4. I contacted their customer service rep, Lisa, and was promised that the remaining order would be delivered early the week of 11/18. After receiving tracking and shipping notices from both FedEx and DHL saying it had shipped?, I get a notice today 11/25 that my order shipped UPS? on 11/21 and now UPS can't find my package. 

If a company is out of stock of a product or knowingly has a delay, they need to be honest about it upfront so the customer has the choice to cancel. I also paid $30 to ship it FedX - not DHL or UPS - which is the absolute worst shipping company (always delayed and loses packages). True to form, UPS says it will take at least another week until delivered which is too late.

So, if I could give them a zero, I would. ",Where do I start? ,1,US
2024-11-25,Patricia Losacco,"Response when emailed. Glad to have the response and action so quickly.
Would be best to know that what you order is pending, not actually being sent, when you first order it.",Response when emailed,4,US
2024-11-25,Liz C,Fabulous website and prices. Easy to use. Wonderful selection. ,Fabulous!,5,US
2024-11-25,Team Fox,"I placed three different orders over two weeks ago and I was told that I'd receive by Thanksgiving after emailing several times inquiring.  I have  received only one of 15 items ordered and I haven't received any shipment details or tracking information for the other fourteen items. I have had A couple of scattered responses from their customer service that have not given me any shipping details other than I will receive by Thanksgiving, which is two days away.  I would not order from them again. ",Very disappointed,1,US
2024-11-25,Marisha Mukerjee,"I have emailed several times to get more details about when my delivery would make it as I ordered pre cutoff time for Thanksgiving and have yet to receive any response. 

Is there anyway to get a response by anyone? ",I have emailed several times to get…,1,US
2024-11-24,Alison,"Fast delivery, packaged beautifully and gorgeous products. ",Gorgeous ,5,GB
2024-11-23,Jennifer connor,I placed this order a week ago with five business days now passed and it still has not shipped and I’ve reached out to customer service who has no answers. Terrible service and entirely unreliable. I plan to cancel,Terrible service and no shipment!,1,US
2024-11-23,Mrs Carol Forster,"Have just received my teapot, it is beautifully wrapped and stunning.  Delivery was really quick, only two days delayed because of snow!  I would certainly use Mrs. Alice again, am now saving up for the matching milk jug!",Have just received my teapot,5,GB
2024-11-23,Ada,"I am hosting Thanksgiving this year (in the UK) and decided to order some small decorations for the table on 18 Nov after business hours, thinking this should leave enough of a window for the goods to arrive on time. To my pleasant surprise, the order arrived on 20 Nov in a lovely box. All fragile items were well protected and the quality of the goods exceeded my expectations. Will be ordering from here again when I have any future tablescaping needs..",Order arrived quickly in a lovely box,5,GB
2024-11-23,kate Jackson,The lamp is absolutely stunning. Great quality. Delivery and packaging top notch. ,The lamp is absolutely stunning,5,GB
2024-11-22,Aerin Williams,"There appears to be inventory management misalignments, which I experienced in two instances, and poor expectation setting with clients via website information. ",Tweaks to work out in client experience,3,US
2024-11-22,Don Hawkins,"Fast and easy ordering. Also after I had placed my order, I got an email fot 10% off of my first order. I emailed the company and they immediately credited my debit card back the 10%. Very good customer service.",Great customer service,5,US
2024-11-22,Cat,Easy to order. Fast delivery.  Great product.  Thank you. ,5 star,5,GR
2024-11-22,Clare Ward,Easy and just lovely items,Easy and just lovely items,5,US
2024-11-22,Mary Margaret Beaver,"Their checkout auto-entered the wrong city and state at check out. I realized immediately after completing the purchase and tried numerous times to reach out to customer service. I didn't receive a reply until days later at which point they said they were unwilling to help me as it was my error. Therefore, I never received my package and lost $450 in a purchase. The worst customer service I have ever experienced in my entire life. ",I never received my package. They have no customer support whatsoever. ,1,US
2024-11-21,Angela Thomas,Bought some straw gamebirds for Christmas decorations - the delivery was very quick and the birds are very well made and characterful ,Straw bird decorations ,5,GB
2024-11-21,Christina Rodia,Paid for two day shipping. Was notified AFTER purchase that it's pre-order. Not sure if/when I will receive my order. Won't purchase from you again and wouldn't recommend. ,Paid for two day shipping,1,US
2024-11-21,Carrie Lindsay Howard,I just LOVE my Nutcracker light!!!! It's just perfect in my front hallway!,I just LOVE my Nutcracker light!!!,5,US
2024-11-21,Customer,"I placed an order in plenty of time for Thanksgiving.  Unfortunately I did not receive anything, much less an email from them.  Until I reached out to them to cancel the entire order.  As soon as they received my email of cancellation they notified me that one of the items is shipping, and they cancelled the rest.  Deceptive practices at best.  Do not recommend using this company if you are in the US.  I still have not received the order, which will be too late for Thanksgiving.  I intend to return as I told them in email. Yet to be acknowledged by the company.  ",Mrs. Alice too overwhelmed to supply US orders.,1,US
2024-11-21,Gina Simonetti,I have not received the item I ordered and they haven’t answered the email I sent them. They also do not have a way for me to call them by phone. ,I have not received the item I ordered…,1,US
2024-11-20,Catherine Luke,Customer service followed up immediately with answers to my questions about an order placed. They were proactive in getting my items shipped promptly. Will be doing more shopping with Mrs. Alice!,Customer service was excellent!,5,CA
2024-11-19,margaret,"The joy of the purchase , the speed and hassle free delivery and the thoughtful packaging ",The joy of the purchase ,5,GB
2024-11-19,Carolyn Lemone,Still have not received my order! ,Still have not received my order!,1,US
2024-11-19,JLC,The customer service was extremely poor.  When asked about expected ship date after order had been placed 8 days prior.  I was given no assistance with my order or no options to ensure delivery by Thanksgiving.  I was also not given any indication of when my order might ship and arrive.  ,The customer service was extremely…,1,US
2024-11-18,Mrs. Penelope Lee,Easy to use website.  Lovely products.,Easy to use website,5,GB
2024-11-18,Eileen Lojacono,Beautiful items throughout with an easy to navigate website!,Beautiful items throughout with an easy…,5,US
2024-11-18,Barbara,"It's crackers that delivery timelines for your crackers are not known. The website does not say pre-order for this item, but once bought you are suddenly told these are on pre-order with timelines unknown. Clearly we all know when Christmas is, so xmas items should be readily available in good time..... Sorry to sound bah humbug but quite frustrating when you are trying to get organized!",It's crackers that delivery timelines…,2,GB
2024-11-18,MRS L K WYTHE,Love all my enchanting items. Excellent quality- even better in real life than on website ! Well packed and quick delivery- great all round !! Highly recommended.,Something Beautifully Different,5,GB
2024-11-18,Consumer Name,Loved hanging out with Alice in pacific palisades. Not only is she a talented designer and quality taste she is a delightful human being. Wishing her all the best!,Loved hanging out with Alice in pacific…,5,US
2024-11-18,Lisa Hale,Very responsive customer service representative named Lisa.,Very responsive customer service…,5,US
2024-11-17,Sheila Tappen,"Did not like that I had to use Fedex shipping.
Too expensive.",Did not like that I had to use Fedex…,3,US
2024-11-17,Becky Smith,I haven't received my order !!!! Even tho saying be here last Thursday !!! No update in my email either !!,I haven't received my order !!!,2,US
2024-11-17,Emma richardson ,Delivered quickly and product is lovely,Delivered quickly and product is lovely,5,GB
2024-11-17,Heather montgomery,My query was resolved and handled promptly,My query was resolved and handled…,5,GB
2024-11-17,Mrs Hinnant,"Love it all!! So inspirational, fun, love Alice and the Mother Ship! Beautiful family. Always a treat to see.",Love it all!,5,US
2024-11-16,Fabulousat50,"I absolutely love these lamps.Even better than I expected.I have every intention of buying a couple more.
Beautifully packed, fairly fast delivery, easy instructions for use.All in all if I could give more than five out of five stars then I would!",I absolutely love these lamps.Even…,5,GB
2024-11-16,Judith C Oken,"I love the product , the presentation and the beautiful tablescapes.",I love the product ,5,US
2024-11-16,amber,"I placed an order early in the month, expecting it would have plenty of time to ship before the Thanksgiving holiday. I contacted service to confirm in writing that nothing on my order was preordered, and they confirmed that it would be pushed to dispatch to ship.  It never shipped. Five emails later and two generic non-committal responses from Mrs Alice's team, I am up at 6 a.m. stressed because my order still hasn't shipped, and they've now shared my order IS preorder and may or may not ship in time despite confirming otherwise. 

Do not advertise and confirm products are in stock if they are not. Clearly, shipping and logistics remain an opportunity for this company, as my previous orders have all followed a similar story, with preorders taking almost a year to receive. ",thanksgiving likely ruined ,1,US
2024-11-16,Staci Capuano ,Mrs. Alice was lovely!  She really cared about helping with your selections to curate the look you are trying to achieve.,Staci,5,US
2024-11-16,caroline STEWART,"So excited to receive all my darling products. Couldn’t have had a better experience with the Mrs. Alice team 
Xx ",So excited to receive all my darling…,5,US
2024-11-15,Fiona Robinson,Quick response to a problem with my order. Received my parrot candle holders and am very happy with them. May consider buying other colors.,Quick response to a problem with my…,5,US
2024-11-15,Mrs Stéphanie Renggli,"Excellent service, very professional and nice staff. However, the quality of product is poor. Tablecloth material is very disappointing. Feel like basic level made in China.",Excellent service/poor product,2,CH
2024-11-15,Angela,My daughter and I had such a lovely visit with you all here in Dallas. It was fabulous to see your product in person.,My daughter and I had such a lovely…,5,US
2024-11-15,Katrina Allman,"This is just my experience ordering 
Not the products as not received yet 
But after paying for all my items which where over £600 
I received an email to say some won’t be here until end of December and others end of January 
Very disappointed as I wanted them for Christmas!!! Should make sure they have the stock especially when it’s Christmas ",This is just my experience ordering ,3,GB
2024-11-14,customer,I am a big fan of the brand and my website experience was seamless.  ,I am a big fan of Mrs Alice! ,5,GB
2024-11-14,Juliette,They were so helpful in providing inspiration for a tablescape. They carry beautiful pieces. I want it all!,Lovely experience ,5,US
2024-11-14,Linda Webb,"Beautiful and unusual item (Penelope Peacock) - exactly as per the photos on the website. Prompt delivery and gorgeous, secure packaging. It couldn’t get any better!",Beautiful and unusual item (Penelope…,5,GB
2024-11-14,Caitlin Coletta,Customer service was very helpful!! ,Customer service was very helpful!!,5,US
2024-11-13,Heather Vecellio,Crazy in love with the Mrs. Alice offerings and price point! Thank you! ,Crazy in love with the Mrs,5,US
2024-11-13,Diane Wilsey,"Alice and Serena are incredibly talented and utterly charming , a winning combination ",Alice and Serena are incredibly…,5,US
2024-11-13,Kim Clark,I ordered a rattan lamp but returned as it was too small for the table it was meant for. The packaging is absolutely one of the best I’ve seen. The lamp itself was lovely although the base was a bit light. I know it was made of rattan but would have been better if it had a weight or something inside to make it feel it couldn’t just be knocked over easily. Be mindful £5 is deducted from refund price for handling. Am definitely going to order a couple of items I’ve seen,Lovely lamp and packaging ,3,GB
2024-11-13,Ellie,Daisy was so friendly and helpful and I loved meeting Alice!,Gracious and welcoming,5,US
2024-11-13,customer,Please call ,Please call,1,US
2024-11-13,Sharron Stewart,The products are fantastic LOVE my Morroccan table setting.  I bought the lot and had it safely shipped to Australia.    ,The products are fantastic LOVE my…,5,AU
2024-11-12,anna smith,great! love the shades,great,5,US
2024-11-12,Sarah Bowron,Order didn't arrive in time for my daughter's birthday despite being promised it would.,Order didn't arrive in time for my…,1,GB
2024-11-12,S. G.,"First the goblets are beautiful, as described on the site. They arrived in a timely manner, and were very well packed. I look forward to using them through out the year for different holidays. ",First the goblets are beautiful,5,US
2024-11-12,Lise Vacca,Her mother greeted with such open arms and we were helped by the most lovely salesperson.,Friendly and inviting,5,US
2024-11-12,Alia Alshibli, I did not receive my order 96389,I did not receive my order 96389,1,AE
2024-11-11,Venetia Fuller,Great Christmas table cloth ,Great Christmas table cloth,5,GB
2024-11-11,Katharine Blair,Excellent & speedy service. Beautifully wrapped order too!,Excellent & speedy service,5,GB
2024-11-11,Mary,My daughter and I had such fun shopping Mrs. Alice’s amazing representatives at you pop up at Carolina Herrera in Dallas!  I loved seeing three tablescapes so beautifully created for the holiday season.  ,My daughter and I had such fun shopping…,5,US
2024-11-11,Heather Murphy,"I love everything about Mrs. Alice, her wonderful husband and mom!
The collaboration between Mrs. Alice and Carolina Herrera was a perfect blend of elegance, creativity and whimsy! ",What not to love?!,5,US
2024-11-10,for your order,Great style!  I loved the items I purchased!  Could have been priced a little less.  But it was exactly what I was looking for:),Great style,5,US
2024-11-10,Theresa,"Fabulous website, quick delivery and beautifully presented! ",Fabulous products and service ,5,GB
2024-11-10,customer,"I was chuffed to bits with my lampshades, thank you! They were reasonably priced, swiftly delivered and beautifully wrapped and even better in the flesh. I will definitely be back for more! ",Beautifully packaged and swiftly delivered,5,GB
2024-11-10,Bethany,Customer service rep I emailed with was great. But I ordered 11/5 and still don’t even have shipping information. She said my order never made it to dispatch and was sending it but that was 3 days ago and I do not have it. ,Order not shipped still. ,2,US
2024-11-09,Dianne,Love her products!,Love her products!,5,US
2024-11-09,Athena,"Amazing quality, Excellent service as always!",Amazing quality,5,GB
2024-11-09,Mrs. Marie-Rose von Oppenheim,All that I buy at Mrs Alice is perfect - comes nicely wrapped and ribboned - great style ! ,All that I buy at Mrs Alice is perfect…,5,GB
2024-11-09,Sharon Manby,Made a substantial order which I wanted delivered on a specific date -I emailed Mrs Alice and Sarah responded and arranged this for me . I haven’t received the products yet but will review them once I do !!Customer service  so far has been excellent ! ,Great customer service ,5,GB
2024-11-09,Laurie Erickson,I love your company and the service,I love your company and the service,5,US
2024-11-09,Lucy McCullough,"No news on order, no updates ",No news on order,3,US
2024-11-08,Sally,"Great website.
Easy ordering.
Great communication
Fast delivery",Great website.,5,GB
2024-11-08,Hayley Bohnert,"I purchased four days ago and have received no updates as to processing, shipping, nothing. I'm disappointed at the lag time in fulfilling orders.",I purchased four days ago and have…,2,US
2024-11-08,KC,Great customer service and beautiful products. The tablescapes are an inspiration! ,Great customer service and beautiful…in,5,US
2024-11-08,Susan,"Beautiful items, excellent service",Beautiful items,5,US
2024-11-08,Frannie,Never received item. Now I have to follow up with them. Will never buy anything from them again. Usually it is quite clear if something is a pre-order. This was NOT. A pre-order in their own heads maybe but not clear to customer. Was ordering for Thanksgiving in late October early November. Would not have purchased for next year at $250. Sorry. Not frustrating. Just plain incompetence. ,Never received item,1,US
2024-11-07,Annette Allen,Just lovely and helpful at the trunk show I attended. ,Just lovely and helpful at the trunk…,5,US
2024-11-07,Dean  Gibbons,"Quick delivery, gorgeous choice of shades and absolutely love the actual product even more. Bought two pink ikat shades and they are absolutely adorable! 🥰 ",Delightful experience ,5,GB
2024-11-07,Barb Mueller,Prompt Service and the fabrics are amazing!,Prompt Service and the fabrics are…,5,US
2024-11-07,Maureen Lloyd,Fabulous service!,Fabulous service!,5,GB
2024-11-07,Iris Casciani,"Every item is constructed with the utmost detail.
The owners of this company are polite, easy to talk to and very accommodating.  They are most helpful in attending to my needs.
Look forward to doing more business with them.",Wonderful collection!,5,US
2024-11-06,K Rombough Designs,Quick and helpful customer service!,Quick and helpful customer service!,5,GB
2024-11-05,FB,"The customer service rep responded quickly to my email, and she took care of my issue and her communication regarding the issue was so helpful!",The customer service rep responded…promptly and kept me informed,5,US
2024-11-04,Maria Gonzalez,"I just received my order of Glitter Owl (Pair) and am extremely disappointed! The owls arrived damaged wherein a piece of the covering on a leg is missing. Additionally, the tails are misshapen, the glue attaching the legs, sequins on their faces and elsewhere, is visible, the sequins throughout are very poorly placed and several have fallen off! I also cancelled an order I had just placed as I am no longer confident in the quality of this company's products. As of this writing I have not received response to this matter or confirmation of my request to cancel my current order.
Since my initial review I have received the prepaid label to return the damaged items and have confirmation of the cancellation of my recent order. I have increased my rating to three stars for their customer service. It wasn't swift but it resolved my concerns.",Extremely Disappointed ,3,US
2024-11-04,V. C.,"I bought a set of velvet mushrooms and they are absolutely gorgeous!
I also bought some blue glass lantern and two ginger jars
All stunning- money well spent in my opinion… we also eat with our eyes it’s important to me that the table looks really good ",Blue ambiance and mushrooms ,5,GB
2024-11-03,fennydoggy,Beautiful products!  Love the pictures to help me with layout. ,Beautiful products,5,US
2024-11-03,tiffany f,"Ordered a tablecloth for a special event 
It still has not arrived a month later with no note or update ",Product still not here with no communication ,1,US
2024-11-02,Ponting,"Excellent service and a beautiful product.
Thank you",Excellent service and a beautiful…,5,GB
2024-11-02,Rebbeca,Love both the ideas and products . Particularly like the rechargeable lights . They are pretty and functional easy to recharge and give a great light ,Gorgeous products ,5,GB
2024-11-02,Susan Brown,"This was my first order and using the website was easy.  I also signed up for the newsletter to receive a 10% discount on my first order.  I did not receive the notification  for the discount code.  I held off on my order and sent an email asking with no response from the company.  I finally placed my order since I needed the table linens soon.  I know that 10% off is not a lot, but it would have be helpful to use the discount especially with the shipping cost.",Beautiful products-no response when contacting the company,4,US
2024-11-02,Caroline Findlay,Very quick delivery and I’m very pleased with my order. ,Very quick delivery and I’m very…,5,GB
2024-11-01,Jeanne Quann,I love the merchandise,I love the merchandise,5,US
2024-10-30,Joanna Kesken,Two pretty lamp shades well made and well priced arrived beautifully wrapped. They look stunning,Two pretty lamp shades well made and…,5,GB
2024-10-30,Mona Perlhagen,I had a problem with my order and it was rectified immediately ,I had a problem with my order and it…,5,GB
2024-10-30,Pat Haley,Great communication and customer service! Can’t wait to see my clients beautiful items! ,Review of order ,5,US
2024-10-30,Susie,Very easy to order and already on its way. Thank you. ,Very easy to order and already on its…,5,GB
2024-10-29,WENDY B,The products are beautiful and the website fully describes each item. ,The products are beautiful and the…,5,US
2024-10-29,Erika Stage,Still never got a tracking number for my items. Also annoying that your promised one date then it changes. ,Still never got a tracking number for…,1,US
2024-10-29,Mrs Menet-Hudault,"Fast but expensive delivery. 
CLAUDIA GLASS HURRICANE CANDLE HOLDER (PAIR). Very surprised how bad the quality of the glass is, resulting in an accumulation of soot on the glass and candles dripping with wax everywhere. Never had such a problem before",CLAUDIA GLASS HURRICANE CANDLE HOLDER (PAIR),1,GB
2024-10-29,F Drese,Really lovely pieces and were sent so quickly - I wasn't sure I would get them in time for Halloween but here and gorgeous - thank you. ,Really lovely pieces and were sent so…,5,GB
2024-10-29,Sabha Mohammed,I love this 🫶🏻🫶🏻🫶🏻🫶🏻🫶🏻🫶🏻🫶🏻 ,I love this 🫶🏻🫶🏻🫶🏻🫶🏻🫶🏻🫶🏻🫶🏻,5,AE
2024-10-29,Karen Loveland,"Mrs. Alice is a professional wonderful site with extraordinary product.
As someone who deals with the to the trade only designers, I would highly recommend.. everyone was responsive and accommodating.
I certainly will be back for more-just a start for ordering from Mrs.Alice for me.",Outstanding!,5,US
2024-10-29,Janine Regan,I have had a number of orders cancelled due to no stock. I waited 6 months for a lamp to be delivered and all I received was a shade!  Customer service is deplorable.  Canned responses or no response. There is no phone number to make inquiries. Please do not waste your money on a lovely fantasy website that does not deliver and does not care about anything but taking your money !! ,Deceptive practices ,1,US
2024-10-28,Itxaso Mediavilla-Murray,Very quick delivery and beautifully packed,Very quick delivery and beautifully…,5,US
2024-10-28,Anon,"Lovely lampshades, arrived quickly and packaged so beautifully it was like opening a birthday gift. I looked more closely at the website after this purchase and the products are really gorgeous. So glad to have found this company, thank you.",Lovely lampshades,5,GB
2024-10-27,Louise,Beautiful packaging. So happy with my jug it’s perfect and exactly what I was looking for. Delivery super fast! ,Beautiful packaging,5,GB
2024-10-27,C J Hutchins,Fast shipping and beautiful products ,Fast shipping and beautiful products,5,US
2024-10-27,customer,Very fast and efficient service of beautiful products. Wrapped up in gorgeous packaging too.,Beautiful things in beautiful parcels!,5,GB
2024-10-27,Sarah,"The style of Mrs Alice runs through all the products.
Quality of the merchandise is outstanding.
My dining room is so well loved with all these wonderful ideas running through it.
I cannot resist updating each season with a 'little something' or indeed a 'larger something' each season.

Thank you for so much for all the pleasure. 


",The Style of Mrs Alice,5,GB
2024-10-26,Haugh,"Fast and efficient delivery, tablecloth looks great, its  a round snowflake tablecloth, very happy overall,",Fast and efficient delivery,5,GB
2024-10-26,Wendy,"Good, helpful and courteous communication, beautiful products, clear delivery updates.Thank you, Mrs Alice.","Good communication, beautiful products, clear delivery updates.",5,GB
2024-10-26,Guest,Beautiful pieces and super fast delivery service. 10/10 x,Beautiful pieces and super fast…,5,GB
2024-10-25,Susan Joyner,"I hope the quality of the printed fabric shade is as wonderful as it looks on line... I like your merchandise mix and as a retailer, i think the prices are reasonable...",I hope the quality of the printed…,5,US
2024-10-25,Margaret McGuire,I still have not received my order.,I still have not received my order.,1,US
2024-10-25,Vicky Gordon,The items I ordered were exactly as pictured...excellent quality...arrived quickly...and were beautifully packaged.  I will definitely purchase from this shop again.,"Quality items, beautifully packaged.",5,US
2024-10-25,MS,Super fast delivery and the products are exactly as photographed ,Super fast delivery and the products…,5,GB
2024-10-24,wendy hill,"The Mrs Alice team is lovely and talented. They were such a pleasure to host and I think, brightened everyones day. Please come back.",Hosted this Fab team,5,US
2024-10-23,Allana Laws,Amazing Service!,Amazing Service!,5,GB
2024-10-23,Jenny Jones,Gorgeous little pumpkins for my Halloween themed table and decor. Arrived very quickly too and nicely packaged.,Wicker pumpkins,5,GB
2024-10-23,Kristina Kleist,Fast delivery excellent packaging quality items,Fast delivery excellent packaging…,5,GB
2024-10-23,Noelene Jakeman,"I have not received the goods yet, I am in Australia and I had them sent to my Son’s address In USA whereI will be in a couple of weeks.  I was very impressed with your security measures.  I inadvertently typed the wrong email address with the order and you immediately cancelled the order fearing a scam. Thank you for that.I then re-ordered and  I am sure I will love the candle holders.",I have not received the goods ,5,AU
2024-10-23,mia,"Super easy to order and delivery was really quick by a lovely polite driver.
Packing really lovely,  just as what was inside.  Perfect thank you.
",Super easy to order and delivery was…,5,GB
2024-10-23,Sarah Williams,Delivery was swift. From ordering my goods I received the parcel in two days in a most beautiful floral box (that had been placed in its outer delivery box). I ordered the blue parrot candle sticks which are really lovely but I shall paint the eyes with some of my husband's model paint as the parrot is totally blue. They are certainly tall and traditional in style which suits our home perfectly.,Delivery was swift,4,GB
2024-10-22,caroline mcnally,Tom and Lily were both very kind and helpful during the popup shop! Alice is such a talented designer and curator and I am so excited to use my new tablecloth and candlesticks! Will definitely recommend this gorgeous brand to friends and family!,Beautiful decor and helpful salespeople!,5,US
2024-10-21,MARY MCDONALD,always beautiful ,always beautiful,5,US
2024-10-19,debbie truman,"Love, love, love this company. Had a problem with some items and the response was fabulous. To say they go above and beyond, is an understatement. If only shopping was always like this. If you follow on FB, you'll love watching the team and their wonderfully refreshing out takes. Bravo guys👏 ",Love,5,GB
2024-10-19,Smadar Kahana,"Very quick delivery and high quality product.

Just the delivery price of 112 euros for a small order is extremely high.

The delivery was to Spain ",Very quick delivery but high delivery cost ,4,ES
2024-10-18,customer Ann Brandow k,"Very satisfied with my beautiful tablecloth 
Extremely fast service and well wrapped and delivered
Will purchase again 
Thank you
Ann Brandow",Very satisfied with my beautiful…,5,US
2024-10-18,Amy Harris,Beautiful selection of high end table decor and fine linens. ,Holiday table decor,5,US
2024-10-18,Jennifer Linardos,Lilly was wonderful and very helpful! She was so lovely and very thoughtful in helping pick the right shade. Can’t wait for my table lamps!,Lilly was wonderful and very helpful,5,US
2024-10-16,Jeanne Johnston,"The staff is swift to respond to a question or issue. They are great with follow up and makes you feel like a valued client! 
So happy I the beautiful site!!",The staff is swift to respond to a…,5,US
2024-10-15,Mrs J L Davies,Super fast delivery and beautifully packaged. ,Super fast delivery and beautifully…,5,GB
2024-10-14,Rawda rashid,"The shipping cost is more price the items 

Also when it’s delivered they took from me 184 riyal the shipping company, so the total of shipping is 700 riyal and the items price 500 ! ",The shipping cost is more price the…,1,QA
2024-10-14,Rachel Hawkins,Not only great products but REALLY kind customer service. A pair of replacement bulbs were sent out really quickly with no question. It was so helpful & actually unusual to get such responsive & generous assistance. I’ll absolutely be buying my Christmas presents from Mrs Alice 🙌,REALLY kind customer service ,5,GB
2024-10-14,Pauline Sheehan,"Best customer service experience ever! My questions were answered thoughtfully and courteously by a clerk who was enthusiastic about my purchase and plans.  My request to apply the promo code as a first-time customer was granted.  Delivery was surprisingly quick, packaging was nice and, of course, the product is of superior quality and is as depicted on the website.",Best customer service experience ever!,5,US
2024-10-13,Rhonda,Ask me after I receive order,Ask me after I receive order,1,US
2024-10-13,Camilla,Beautiful packaging. Speedy delivery. Quality is impeccable. ,Beautiful packaging,5,GB
2024-10-12,Amy Walker,"Shipping was quick, everything arrived in great condition and beautifully wrapped. Wonderful experience all around! ",Great experience!,5,US
2024-10-12,Amy,I needed something in time for a shower and they shipped it immediately! Wonderful customer service. ,Customer service,5,US
2024-10-12,Judith Blades,Candlesticks are gorgeous. The box they come in is stunning in itself. They are wrapped very securely for shipping- no chance of breakage. I love them.,Candlesticks are gorgeous,5,US
2024-10-12,Ms Sarah Jane Priesack,Everything was perfect,Everything was perfect,5,IT
2024-10-11,Judith Garry,"Just delighted with the choices offered to start off our autumn season, and the ease with which I was able to find and purchase what I need.  Your fall merchandise is extremely well curated.  I was able to find things that were lovely and unique.  Thank you.",Just delighted with the choices offered…,5,US
2024-10-11,Mrs Howard,"Extremely efficient dispatch/delivery, beautifully packaged & presented lampshade, and quality is excellent",Beautifully packaged & excellent quality,5,GB
2024-10-11,Ms Crompton,The response to my order was immediate and super efficient. ,Super efficient ,5,CA
2024-10-10,Naomi,"Fast shipping, high quality product. ",Fast shipping,5,GB
2024-10-10,Sarah Gagg,"Lovely product and such quick delivery. 
Beautifully packaged too.  Thank you x",Lovely product and such quick delivery,5,GB
2024-10-09,Louise,I bought the squi,I bought the squirrel pair to replace bunnys and feel more autumn..they are so cute!! I really love them! And they are very good quality ,5,GB
2024-10-06,Linda Topliffe,Back stage the girls answer all questions promptly. They are very friendly and helpful and the quality idvgreat,Great buys ,5,US
2024-10-04,RKM,Excellent and responsive customer service.,Excellent and responsive customer…,5,US
2024-10-04,Sylvie,"Great delivery, beautifully and elegantly wrapped up with a lovely blue ribbon! It is my 78th birthday present to myself and I love it,thank you so much!
Sylvie",Great delivery,5,GB
2024-10-03,Zoe Riley,"Great website and beautiful products, special attention was given to my note on urgent postage. Items all arrived safely and beautifully wrapped the following day after ordering! ",Great website and beautiful products,5,GB
2024-10-02,Tina,I ordered a pair of candle sticks as a wedding present back in July and still haven't received them. ,I ordered a pair of candle sticks as a…,1,GB
2024-10-01,Joanna,My order arrived within 24 hours of placing it - and beautifully packaged too.,My order arrived within 24 hours of…,5,GB
2024-09-30,Rosalind Gietzen,I requested that the discount of 10% which was not applied to my order be corrected. I received a confirmation in Les than 24 hours.,I requested that the discount of 10%…,5,US
2024-09-28,AUNDREA INSINNA,got exactly what I needed very fast and efficiently.  ,got exactly what I needed very fast and…,5,US
2024-09-28,Sherif Gado,Beautiful items and the variety of goods,Beautiful items and the variety of goods,5,AE
2024-09-28,Lena Veronique,"Very nice choice
Very good team take care about to order
Very good recommendation",Perfect following the team take care about the customer,5,US
2024-09-26,Kathy Bailor,Very fast shipping. It Whicker tiered trays were an excellent quality and extremely sturdy. ,Very fast shipping,5,US
2024-09-26,Rosemary,Efficient and swift service.,Efficient and swift service.,5,GB
2024-09-25,Ellen Lee,I ordered fabric but have not received any information about when it will be delivered.,I ordered fabric but have not received…,4,US
2024-09-25,RKI,Very responsive and shipped so quick!  The lamp shade is stunning!!,Very responsive and shipped so quick,5,US
2024-09-25,Mrs W,Excellent customer service and very prompt delivery. Beautifully packaged goods. The lamps and shades I ordered were absolutely as described and pictured on line and very happy with this purchase. Will look to buy again from Mrs Alice ,Great first purchase from Mrs Alice ,5,GB
2024-09-24,Joan Gilbert,"The products on offer are delightful, and every item that I have ordered has come beautifully wrapped and packaged.  It was such a thrill opening up everything, and I can't wait to use the amazing plates and cutlery.",Joy in opening up a delivery from Mrs. Alice,5,AU
2024-09-24,Anne Mulkearns,"Prompt and fast delivery! Wow was super impressed how quickly it arrived to Melbourne Victoria, Australia! Well packaged and arrived intact and undamaged. Mushroom sets were exactly as I'd hoped. Effective, efficient and fabulous! ","Prompt, fast and fabulous!",5,AU
2024-09-23,SARAH LOWE,"I have bought various items from Mrs Alice and the quality never changes. 
Beautiful items that are beautifully wrapped. As soon as you unwrap your purchase you know it’s going to be quality. 
Fabulous service as always. 
And the personal “thank you” card is a very special touch. 
So Mrs Alice … thank you ",Beautiful glass jug,5,GB
2024-09-22,Shay Smith,"Always arrives beautifully wrapped, exactly as expected, always  a joy ",Always arrives beautifully wrapped,5,GB
2024-09-19,Constance Knudson,Great variety of table dressings. My order of placemats and tablecloth came quickly and was packed well. The items were just beautiful. ,Great variety of table dressings,5,US
2024-09-19,Ms Milka Nikacevic,Quick delivery,Quick delivery,5,GB
2024-09-19,customer,The items are lovely ,The items are lovely,5,US
2024-09-17,Mrs Nadia Jones,Lovely shade which arrived really promptly and beautifully packaged. ,Lovely shade,5,GB
2024-09-17,David,"Fabulous ceramic stags, beautifully packaged, prompt delivery",Fabulous ceramic stags,5,GB
2024-09-16,Rebekah Sheldon,Delivery was quick and the packaging was amazing. ,Delivery was quick and the packaging…,5,GB
2024-09-15,Angie Liberman,"I received the pair of blue parrot candle holders today. WOW, beautifully and securely packaged.  They are gorgeous and look exactly as the pictures. I can’t say enough about their elegance. Thank you so very much❣️",I received the pair of blue parrot…,5,US
2024-09-14,Rita,"love the products, but customer service even better. i had a problem wan item & immediately they responded & replaced the item. ",love the products,5,US
2024-09-14,Michael Malone,Brilliant service ,Brilliant service,5,AU
2024-09-13,customer,Magical gifts the wrapping don’t want to unwrap this is my second order from Mrs Alice ,Magical gifts the wrapping don’t want…,5,AU
2024-09-12,Betsy Vitton,Took FOREVER to receive and I had to reach out 3-4 times to get update on when I would receive my order. ,Took FOREVER to receive and I had to…,2,US
2024-09-11,Christine H,Always exceptional service and stylish well made pieces! ,Always exceptional service and stylish…,5,US
2024-09-10,Caroline Whitamore,I've bought two beautiful yellow Ikat lampshades in the sale.  Excellent quality and absolutely perfect.  Thank you.,Ikat lampshades,5,GB
2024-09-06,Kerri Hall,Delivery was quick! Products are really cute. Very happy. ,Delivery was quick,5,US
2024-09-05,Susan ,Beautifully made lampshade - so impressed with the quality I’ve ordered another one!,Beautifully made lampshade,5,GB
2024-09-02,Kathleen Nord,I really thought the Labor Day discount was applicable to my purchase. ,I really thought the Labor Day discount…,3,US
2024-09-02,Mrs G,Super fast delivery and delighted with product.,"Fabulous, quality lampshade, exactly as pictured",5,GB
2024-09-01,Rcs,"Fabulous, quality items purchased, easy to use website and fast delivery 😀",Fabulous,5,GB
2024-09-01,MARKOS NOMIKOS,"great online service, easy checkout",great online service,5,GR
2024-08-30,BEATRIZ DE HERMENEGILDO,"Customer service very helpful.
They helped me promptly. Wonderful atention.",Extraordinary customer service,5,ES
2024-08-29,I H McCurdy,"I really like the pair of Baroque Reindeer, they sparkle and make my seasonal table display look luxurious. I might let them “play” year long.

The rattan pair of hurricane lanterns were larger than I had expected, but I can’t stop looking at them.  I put a fairy light inside, warm white, turned off the house lights and was ecstatically pleased.

As always, I enjoy my purchases being packaged like a gift.  It makes me feel special.  Thank you.",Lanterns and reindeer are wonderful.,3,US
2024-08-28,martha Ely,I love your products.,I love your products.,5,US
2024-08-28,Melissa Knatchbull,"It’s always a great experience buying from Mrs Alice.  The Products are as shown on the website, whilst packaging and delivery are impeccable. ",Great products and excellent customer service ,5,GB
2024-08-27,Fran Teter,I needed to change the shipping address after I placed the order and they were happy to accommodate!,I needed to change the shipping address…,5,US
2024-08-26,Katherine Tate,Easy first transaction with great communication from a U.S. buyer! ,Easy first transaction with great…,5,US
2024-08-26,Sarah A,"The candle holder is used, has leftover wax marks. The opening for the two identical candle holders are different in size so you can see that the candles aren’t equally inserted. The lamps and candle holders are beautiful but the quality is cheap plastic and should not cost this much. The little flower vases are different in shades of glass and look messy to the eye due to that. Packaging is great thanks for that. Overall would not buy again due to the quality vs price issue. ",Quality did not meet expectations ,2,SA
2024-08-26,Elizabeth W,Beautiful website and presentation of products. ,Beautiful website and presentation of…,5,US
2024-08-25,Madam L,"They were polite, answered immediately, and answered my questions sufficiently. A++!",Outstanding customer service!,5,US
2024-08-24,Rhiannon McKenzie-Smit,Excellent - thank you! ,Excellent,5,NZ
2024-08-24,Mel Williams,My delivery option is to leave with any neighbour. Instead the parcel has been sent back to the depot,Poor delivery,3,GB
2024-08-22,Barbara Edwards,Excellent in every way! My beautiful new plates arrived on time and were absolutely beautiful! I can’t wait to use them with my friends and family!!! ,Excellent in every way,5,US
2024-08-20,Jo Allen,Love these little pumpkin glasses. Arrived in one piece over night !,Love these little pumpkin glasses,5,GB
2024-08-19,Bunny Bragdon,"Had purchased the rechargeable lamps sometime ago, but had used shades that I already had.  This time I purchased your shades and what a difference it made. Loved the lamps before, but the shades that I now have are just perfect. I received them in a timely fashion and just enjoyed the whole process-thanks!",Had purchased the rechargeable lamps…,5,US
2024-08-19,Caitlin ,"The products are always amazing, shipping is fast, and customer service is responsive. Can’t ask for much more! ",The products are always amazing,5,US
2024-08-17,customer,Very efficient service and excellent quality product,Very efficient service and excellent…,5,GB
2024-08-17,DANNY,"Really pretty rabbits, so pleased with purchase, will be great to decorate the table at Easter.",Really pretty rabbits,4,GB
2024-08-17,Michele Matthews,Brilliant experience ,Brilliant experience,5,GB
2024-08-17,Mary Evans,Good company with lovely products. Delivery takes a bit longer than it used to. ,Good company with lovely products,5,GB
2024-08-17,Cindy Goymour,Great service excepts duties were quite pricey ,Great service excepts duties were quite…,5,CA
2024-08-16,Amy Rubin,My sample arrived quickly and looks exactly like the picture of the fabric on line. ,My sample arrived quickly and looks…,5,US
2024-08-16,Alexandra  Dawson,"Incredible customer care! Very helpful, thank you ",Incredible customer care,5,GB
2024-08-15,Jennifer Cockrel,I was supposed to receive my order in July but I still have not received it.  Please advise.,I was supposed to receive my order in…,1,US
2024-08-15,lavinia hadsley,Fast and efficient ordering and delivery,Fast and efficient ordering and delivery,5,GB
2024-08-14,Pamela Lassiter,"This sweet lamp is not only gorgeous, but is exceptional in every way.  Arrived in lightning speed. Plan to order more from Mrs Alice- a fabulous website! ",What a find!,5,US
2024-08-14,Kim Clarke,They changed an order without fuss and shipped the items without delay. Excellent customer service.,They changed an order without fuss and…,5,US
2024-08-14,Nan Jones,Your service was excellent my candleholders were here in a day …….. thank you so much …. Love your stuff …. N,Your service was excellent my…,5,IE
2024-08-14,Tracey Morrish,Excellent customer service when I contacted Mrs Alice with a query. My beautiful items were delivered the next day. Just love Mrs Alice and wish I could afford everything. ,Love Mrs Alice,5,GB
2024-08-13,Carole Lucas,"I ordered the linen napkins as a present. They are absolutely lovely, and really good quality linen.
I think my friend will be thrilled. ",Linen napkins,5,GB
2024-08-13,Ellie conyers  ,Very quick despatch! Lovely items as usual. I am always impressed ,Very quick despatch,5,GB
2024-08-12,Julian Chamberlen,Excellent service very helpful. We haven’t seen product yet as they are being super kind and Siri not for us,Excellent service very helpful,5,GB
2024-08-12,Lexie Corasaniti,"Loved and product was just as pictured 
Very timely delivery ",Loved and product was just as pictured ,5,US
2024-08-11,Yesenia Pietrolaj,Amazing quality of products. I bought Christmas ornaments ahead of time and I am glad I did. Shipping was super fast. Beautiful products I can wait for the season to arrive and showed them up! ,Absolutely gorgeous!,5,US
2024-08-11,Victoria Johnson,Easy and quick to order! Look forward to the items I ordered!,Easy and quick to order,5,US
2024-08-10,Mary Chapman,"A beautiful product, which came up to expectations! Delighted! Easy to use website and quick delivery.",A beautiful product,5,GB
2024-08-10,Meagan Yost,Tablecloth is gorgeous and fine quality material. ,Tablecloth is gorgeous and fine quality…,5,US
2024-08-08,Jackie,"Every item was fabulous. The quality did not disappoint. First order so wasn’t sure what to expect. Plates, crackers , napkins & various accessories all beautiful. Would consider myself a picky purchaser . Will definitely be ordering again. ",Every item was fabulous,5,GB
2024-08-08,Sara Mohsin,Good 👍🏻 I’ll get in a few things ,Good 👍🏻 I’ll get in a few things,5,AE
2024-08-08,Tina Ricardo,I have not received my package yet but ordering and processing seemed quick and easy. So far so good! Looking forward to receiving what I ordered. ,I have not received my package yet but…,5,US
2024-08-08,Paula Tugwell,"Very disappointed with the color of the scalloped rattan tray. It did not look like the picture online, but instead was more of an “orange-ish” color. Very disappointed ☹️ ",Disappointing color!,2,US
2024-08-07,WEBCLIENT,I placed an Eder to be shipped Aug 5 and now I am told Sept 30. That is just not right and seems dishonest,I not happyplaced an Eder to be shipped Aug 5…,1,US
2024-08-06,Alison,"Beautiful options, easy ordering and great customer service!",Beautiful options,5,US
2024-08-06,Melissa ,I can’t believe how prompt the service and delivery from England to US was! Everything arrived quickly and in perfect condition. ,Fast and high quality delivery ,5,US
2024-08-05,Tracey,"Beautiful candlesticks, beautifully packaged. Thank you.",Beautiful candlesticks,5,GB
2024-08-05,customer,Love this site with beautiful items and quality.,"Great product, great service.",5,US
2024-08-05,Kenneth Blasingame,the responses to our questions were answered in a timely manner. ,the responses to our questions were…,5,US
2024-08-04,Cynthia Curry,the displays were enticing and the service impeccable ,chic style ,5,US
2024-08-04,Elizabeth Jeffrey,"Wonderful to meet Alice and Tom. With the help of Lilly, it was inspiring to see the products first hand. Looking forward to enjoying it all in my home.  Thank you for coming to Greenwich! ",Wonderful to meet Alice and Tom,5,US
2024-08-03,Raysa,Quality and design is beautiful ,Quality and design is beautiful,5,US
2024-08-02,Ms Paula Bennett,"Fast delivery, beautiful wrapping and a discount! Will order again!",Fast delivery,5,GB
2024-08-02,Sarah,Great range of products and very prompt delivery,Great range of products and very prompt…,5,GB
2024-08-01,Lover of Trees,"After searching for the perfect lampshades we were delighted to find some on the Mrs Alice website, we ordered two and heard nothing about the delivery for over 10 days. I contacted them and was told they are a pre-order item and would take 2 months. On checking the website, there is no indication that they are pre-order. They refunded the money quickly but be aware that the delivery is a long wait. 

Thank you for your reply, I have just looked at the lampshades on your website and there is still no indication that they are pre-order items and wont be delivered until Mid September, I have also checked my confirmation email and there is nothing to say they are pre-order. The email says 'You’ll receive an email when your order is ready'. Maybe there is an error on the listing with the lampshades I ordered but there is nothing to say they would take 2 months to deliver, and it was not evident at the checkout and still isn't if I ordered them today. You can see the date of my purchase and also you will see my communication to your customer service team.",No indication the item would take 2 months to deliver,2,GB
2024-07-31,Ms Miller,"It was easy to order, the products arrived quickly and packaged with care. The items were prettier in person!!! A delightful surprise. ",Prettier in person,5,US
2024-07-31,Meg Critchell,"always fabulous, so helpful and accomodating!! wish i could order everything!
",always fabulous,5,US
2024-07-30,Jane Schnier,Mrs. Alice is a top notch company providing the ultimate online shopping experience.  High quality products with excellent communication from placement of order to delivery.  Everything I have ordered is beautifully wrapped and carefully packaged to ensure a safe and timely delivery from the UK to the United States.,Online shopping perfection!,5,US
2024-07-29,Angela Oliver ,"Thank you Mrs Alice!  ❤️ 
It was a lovely, seamless, very fast transaction. 
Thank you for my 2 beautifully packaged Gloria swans. I also really loved your personal touch of a thank you card too. Xx
Everything, from order, to delivery was so quick. I can’t wait to order again xx",Gloria Swan,5,GB
2024-07-28,Maria Roach,I have not received the two orders I placed . One order is over a month late!😩,I have not received the two orders I…,1,US
2024-07-26,Hawkins Interiors,Great choice of products and great customer care.,Raising the bar in tablescaping.,5,GB
2024-07-26,Lauryn Zulkie,Amazing customer experience!,Amazing customer experience!,5,US
2024-07-26,Georgia Roth,everything was wonderful,everything was wonderful,5,US
2024-07-24,Mary Damerell,Easy website.  Easy to order.  Lovely things.  Delivered quickly.,Easy website,5,GB
2024-07-24,Helen Fussell,I have loved Mrs Alice from the start! A gem of a beautiful business. ,I have loved Mrs Alice from the start,5,GB
2024-07-22,Olwen Pierce-Smith,Lovely quality items.  Speedy ship.  Will happily buy from again.,Lovely quality items,5,GB
2024-07-22,Mrs Crook,"Absolutely adore all things that I have purchased the excellent quality, the uniqueness,look so lovely .Would willingly recommend to my friends
",Absolutely adore all things that I have…,5,GB
2024-07-21,S Jackson,ordered fabric samples and live in Atlanta GA USA and they were delivered very fast.  ,quick sample delivery,5,US
2024-07-21,Ann F,"Perfectly delightful glasses.  Arrived
quickly and in perfect condition.  Super quick shipping",Perfectly delightful glasses,5,US
2024-07-20,AMANDA,"Arrived the following day.  Beautifully boxed and wrapped in tissue paper and ribbon. 
The most beautiful napkins.  Beautiful in the pictures but even more beautiful in real life.  Incredibly happy with my purchases.  I will be back !!  ",Arrived the following day,5,GB
2024-07-20,Vivie,"I find it most frustrating that your site publishes goods that are not available for several weeks. 
Three times I have had to cancel my order due to the time lapse between ordering and delivering. In my opinion very annoying because most of your objects are for summer use so delivering a month after the order is placed does not make it feasible to maintain the order",Time lapse between ordering and delivering!,1,CH
2024-07-20,Annabel,V efficient ,Very efficient,5,GB
2024-07-19,Marine,"Such a beautiful product!
I've never find such a lovely laundry basket and I'm glad I chose it, I don't even have to hide it in my room.
Products are a bit expensive but the quality is really good and worth it, I'd be glad to order again.
Btw, I live in France and they were able to do a special quote for me as the shipping was not possible on the website so thank you for that, I received the laundry basket in less than 4 days!",Such a beautiful product!,5,FR
2024-07-17,Claudia,"Received my order promptly, lots of information about the delivery. The packaging and wrapping were luxurious, taking lots of care. All very much personalised. The two squirrels I ordered are absolutely gorgeous, top quality. Could not be happier. ",Beautiful decorations ,5,GB
2024-07-17,David,Just love this brand. Bought the petal bamboo plates. Stunning. ,Just love this brand,5,GB
2024-07-17,colette ,Easy to order and shipping is very quick,Easy to order and shipping is very quick,5,US
2024-07-16,LD,Delivery arrived in less than 24 hours! Packaging was so pretty and thoughtful and the lampshades I purchased were perfect and exactly as advertised. Will definitely purchase from them again!,Delivery arrived in less than 24 hours,5,GB
2024-07-16,Renay,A first time shopper and I was delighted and impressed with the prompt delivery of my parcel! I will definitely be purchasing more from Mrs Alice.,A first time shopper and I was…,5,GB
2024-07-16,Novitayanti,The website is easy to understand ,The website is easy to understand,5,ID
2024-07-16,Mary Stewart Bonjour,"I purchased a pair of candle holders, unfortunately they were too large for the space. They are so beautiful I was able to purchase them in a smaller size. And return the Large pair. The return process was very easy. I have rarely seen a more beautiful package the box they were shipped in was so special. I am looking forward to shopping the Mrs Alice website in the future. ",I purchased a pair of candle holders,5,US
2024-07-16,Chrisie Schreiner, Very good at getting back quickly. ,Very good at getting back quickly.,5,US
2024-07-15,Julia,I had a very small issue with my product that I ordered.  I received a swift response and they shipped a replacement for the missing item.  I give the company the highest recommendation.  I just ordered something else.,I had a very small issue with my…,5,US
2024-07-15,May Alsalem,I received a good packaging and fast to deliver ,I received a good packaging and fast to…,5,GB
2024-07-14,Alex S,This was my first time ordering from Mrs Alice. I ordered two gifts and did not choose gift wrapping. I was pleasantly surprised when I saw all items came beautifully wrapped and well packaged! Shipping was fast and the items are gorgeous! ,Great experience ordering from Mrs Alice!,5,US
2024-07-14,Sarah ,Good service. Prompt delivery and good communication.,Good service,5,FR
2024-07-13,Sebastian,"Product colors not accurate. Three items in the NATURAL tone look like three different colors. It’s. It just a Juan de of natural products, it’s a visible inconsistency in the products. We got one of each: pale, tan and honey-looking items.

Only 3 or 5 items ordered arrived by the estimated delivery date. The dates are misleading when ordering, and the dated displayed is only the first or earliest date.  The other are coming 3 weeks after ordering.",Product colors not accurate,2,US
2024-07-13,Jaime Sage-Lloyd,Lampshades are absolutely breathtaking! Exactly like the images.   Everything from the packaging to the design is stunning. Quality wins out. Thank you Mrs Alice!,Lampshades are absolutely breathtaking,5,GB
2024-07-12,Rachel Kelsall,"Was looking for a summer floral wreath when i came across Mrs Alice. Signed up for 10% discount code with my email address.  Unfortunately at checkout this code didnt work,  dont know if its because the item was on sale that i was buying.  I do wish postage options were available as DPD at £6 is expensive imo. Arrived safely and im pleased with the wreath.",Was looking for a summer floral wreath…,4,GB
2024-07-11,cindy christie,"Being a senior, sometimes ordering on web sites can be a little daunting, but it was super easy, also delivery was quick.",Quick and easy.,5,GB
2024-07-10,Morag,Great product. Wrapping box enormous and a large amount of plastic used….not good for our fragile world ,Packaging,3,GB
2024-07-10,Sarah,"Updated review: I initially gave 2 stars but following my review I received helpful customer support. I chose to keep the dressing gown and it's fine to wear - seems to have softened, although I suspect the white trim will turn pink in the wash. I do feel that the materials ought to be listed on the clothing item. Anyway, I felt it only fair to add a star and to say I would order from Mrs Alice again. Probably. 


This is my first experience with Mrs Alice. I like the look of the products and find the Instagram stories etc. entertaining and inspiring. I decided to place an order in the sale and purchased the tartan dressing gown and fake snow. After 8 days I'd heard nothing other than a confirmation email so I had to get in touch with customer services to find out what was happening. This was disappointing and such a waste of time. You pay £5 for delivery so it should be there much faster and if there's a delay the customer needs to be notified. On the positive side, the customer service advisor apologised and arranged for my order to be expedited and it arrived 2 days later. 
The parcel was nicely packaged in an attractive box which was lovely to receive. The fake snow boxes were much more substantial than I'd expected and will be a cute stocking filler (I like to put things aside throughout the year). But the dressing gown...what a disappointment. It feels SO cheap and plasticy, almost like it's coated in something. I was expecting brushed cotton at that price point but what I have is a very thin nylony thing. There's no info about its fabric composition on the garment, but the whole thing feels really cheap and lacks substance. I know it'll be too much of a faff and expense to return it (having already paid the £5 for the slow delivery in the first place) so I probably won't bother, but I'm truly disappointed. This was supposed to be a treat for me and I honestly cannot imagine wearing it and unfortunately it makes me question the quality of the other items. I try to shop small and buy from independent businesses as much as possible, but this wasn't good enough and the quality needs to be higher. 
So overall, a very underwhelming experience. A shame. 
",Material Girl ,3,GB
2024-07-10,Yann Reinagel,Thanks to the team for all the advises and kindness to select the right elements.,Thanks to the team for all the advises…,5,FR
2024-07-09,helen goodman,"Fabulous goods and fabulous packaging. 
Arrived very swiftly too. ",Fabulous goods and fabulous packaging,5,GB
2024-07-09,JuliePaxton,Amazing and swift!,Amazing and swift!,5,GB
2024-07-07,Karen Burke,Lovely glasses made even better by a big sale discount! ,Lovely glasses ,5,GB
2024-07-07,Stuart,"Amazing products, wrapped exquisitely. Thank you so much.",Exquisite ,5,GB
2024-07-06,Kate Reed,"Thank you for your update on my arrival of lamps and table cloth . Summer arrival
to still
Enjoy our remodel fun , Kate ",Thank you for your update on my arrival…,5,US
2024-07-05,customer,"My first order with Mrs Alice. I bought two beautiful lampshades. Both arrived beautifully packaged with ribbons (nice touch). Had to contact customer services for a mistake which I had made, they were excellent and efficient. Arrived quickly.",Five Star,5,GB
2024-07-05,Paulette Watson,Beautiful products and packaged so lovely ….. ,Beautiful products and packaged so…,5,GB
2024-07-03,lynne elder,Always receive items promptly. Great quality,love my purchase,5,US
2024-07-03,Fiona,Great offer price and swift delivery once goods ordered.,Great offer price and swift delivery…,5,GB
2024-07-03,Linda,I’m so happy I found your site! Beautiful things,I’m so happy I found your site,5,US
2024-07-03,Anne Warrell,"Order was easy to place on the website, no faffing!  The order was despatched very quickly and the product was far better than I realised.  I bought the Christmas Bells in the sale and they are beautiful, gorgeous sage green, with glitter and pearls, they even have a clapper in them that rings the bell!!! Wonderful product -  thank you Mrs Alice!!",christmas bells,5,GB
2024-07-03,MaryE,Amazing customer service. Shipments are dispatched promptly and arrive flawlessly.,Amazing customer service,5,US
2024-07-03,Cheryl Grace,I haven’t RECEIVED my order. It’s been weeks. No one will help me. Your customer service reps hide behind emails. Do better and CALL when you determine a customer is having difficulties. This is crazy!!,I haven’t RECEIVED my order,1,US
2024-07-02,Tamara,"Was brilliant and came back fast but lied, said item was shipped and in fact it has only just now been shipped, days later.
",Speedy response but sadly did not tell the trithy,1,GB
2024-07-02,Msmzh,"Shipping is always slow.
Beautiful products!",Shipping is always slow.,4,CH
2024-07-02,Britt McDowell,"Extremely quick shipping, beautifully wrapped, quality decor. I absolutely love these pagodas ",Extremely quick shipping,5,US
2024-06-30,Elisabeth Langman,Easy and quick to buy,Easy and quick to buy,5,GB
2024-06-29,Despina Poulimenou,"Great product, easy site to navigate and easy checkout. Keep inspiring us!",Great product,5,GR
2024-06-29,Amy Ross,"I just bought the cutest small green tray from Mrs. Alice.  The package came in record time.  That's pretty remarkable as I live in Alaska.  I am using it on an end table and I put a couple of items in it.  A small picture on a stand, two small candles.  It adds just the right amount of color and cuteness!!  I plan to buy more from Mrs. Alice!!",Cutest green tray,5,US
2024-06-28,Sue Lewis,"Beautiful item, surpassed expectation, so much so have ordered another one in a different colour!
Well packaged & delivered quickly",Beautiful item,5,GB
2024-06-28,Joanne Mallen,"Delivered promptly, packaging great, product beautiful ",Delivered promptly,5,GB
2024-06-28,Alexandra Vaz ,"What is no more available should be out so easier and faster to make choices for the sales
thanks",What is no more available should be out…,4,GB
2024-06-28,Kaus Holger,"Lovely Service, lovely Products, happy client",Lovely Service,5,DE
2024-06-28,Elena Sánchez,"The order arrived very fast. The packaging was safe and the communication with the shop fantastic, not to mention how beautiful Mrs. Alice's products are.",The order arrived very fast. Fantastic items,5,ES
2024-06-28,Nick Hill,"Order dealt with very promptly, and have bought before and been very happy with the goods.  when they arrived. ",Order dealt with very promptly,5,GB
2024-06-28,Laura Bickford,Great Customer Service.   ,Beautiful Merch! ,5,US
2024-06-27,Tabitha Ritchie,Love their stuff!! 😉❤️ ,Love their stuff!,5,GB
2024-06-25,Janet Taylor,Placed order but didn’t know 1 item was on pre order for 5 weeks hence. I wouldn’t have ordered it had I known. I contacted customer services and they arranged for my remaining items to be sent immediately which was good. These items arrived timely and they are beautiful.,Placed order but didn’t know 1 item was…,5,GB
2024-06-24,Cari Elliott,The variety and price points made selecting beautiful gifts for a friend easy and enjoyable,Purchased a Gift for a Friend ,5,US
2024-06-23,ML from U.S.,I ordered the parrot lamp and it's just as described and pictured on the website. It's unique and beautiful!,Lamp is just as described,5,US
2024-06-22,Ann,Love them so much,Love them so much,5,US
2024-06-22,Vanessa Taylor,"They were very helpful about new batteries for the table lights i already owned so helpful it made me want to buy two more, even though they couldnt actually supply the batteries themelves",Great customer service,5,GB
2024-06-21,Geralyne Di,"Andréanne at Madame Alice is not a good person.        I stayed at her house through Workaway to help out on Mother's Day weekend.  
She is unkind, she never said ""good morning"" or ""how did you sleep?"" In fact, I did not sleep well as the bed was like cardboard with lumps. So worked hard for 3 days, 8 hours each day, but could not sleep. What could I do?  I decided to leave. 
At the end of my last day working at the florist, her boyfriend drove me back to her house on Isle d'Orleans. I looked into my purse to get my cellphone and noticed a strange thing in there: a hook with strings hanging from it. I pulled it out and asked aloud: What is this? How did it get in my purse? 
Her boyfriend who was driving, glanced over and recognized it: ""it is something of Andréanne's."" I asked: ""How did it get into my purse?"" I told him that I would leave it on the car seat for her. 
 The next morning, she rushed over to the car as I was loading my bags to catch my lift back to Ottawa. ""I need to check your bags!"" Why?  I asked. I wouldn't want anything of yours!"" She looked very anxious and said that I stole her earring. 
I then realized that the strange object I found in my bag was her earring. I told her that Ieft it on the carseat in Louis' car. 
A while later it clicked: Out of spite, she had planted that earring in my purse and wanted to search and find it there so she could accuse me of stealing. 
She should be thankful for my work over the 3 busy days + the cooking in the evening which I did for the other workaway girl, Marin.
​Be aware!  She is not a good person.",Andréanne at Madame Alice not a good…,1,CA
2024-06-21,Desi,Fabulous service. Quick efficient and the goods arrived in two days!,Fabulous service,5,US
2024-06-20,Ece Yasemin Karaca,Lovely vases,Amazing,5,GB
2024-06-18,Debra Mingus,I saw exactly what I had been looking for.  I ordered it with ease ,I saw exactly what I had been looking…,5,US
2024-06-18,Tara Paul,"Beautiful outdoor glasses, exquisitely wrapped and delivered in a jiffy.",Beautiful outdoor glasses,5,GB
2024-06-18,Kate,"Easy, with lovely choices to make.",Easy,5,US
2024-06-17,Happy NOLA,The wares of Mrs. Alice and how they are showcased in the photography are impeccable! The shopping experience is truly a delight. My singular issue is waiting for the merchandise to arrive - too much anticipation :),Perfectly perfect,5,US
2024-06-16,Laura Rutledge,I found unique decor and fabrics I love but couldn't find them elsewhere to purchase. The ability to obtain samples before selecting the best choice is wonderful and rare. Glad I found this website.,I found unique decor and fabrics I love…,5,US
2024-06-16,Diana Walsh,I thought the quality of the linen hand towel and the embroidery was very subpar. Did not reflect what I saw on your page,I thought the quality of the linen hand…,1,US
2024-06-14,MARIE C,Amazing and very efficient! Thank you,Amazing and very efficient,5,FR
2024-06-14,Sara Stern,Beautiful selection and easy process - would be 5 stars with option for gift card and another for gift wrapping. ,Beautiful selection and easy process,4,US
2024-06-14,Ingrid Sorensen,"The parcel arrived within two days of ordering it.
It is a present so I haven’t opened it!!",The parcel arrived within two days of…,5,GB
2024-06-12,Sally Blain,"Beautifully wrapped. Speedy delivery.
Goods were just lovely. Thankyou",Beautifully wrapped,5,GB
2024-06-12,Customer,Amazing Thank you!,All cool,5,GB
2024-06-11,HOCKE CLARINA,One of lanterns was broken when it arrived .🥲packaging tops . ,One of lanterns was broken when it…,4,CH
2024-06-11,Yvonne Green,Prompt delivery.  Bag as seen.  Pretty design.  Not used yet so cannot comment on wear & tear.  So far very pleased.,Very satisfied,5,GB
2024-06-10,sophie sarkozy,No nes from my delivery ! It is not professional !!!!!!! ,No nes from my delivery ,1,FR
2024-06-09,Traci, I had no idea my review was going to be public. I have deleted original text. This adds to exasperation for me and Mrs. Alice people.,"My goof, your goof",1,US
2024-06-09,Patrisia,The item arrived broken and I have yet to hear back from customer service about the return!,The item arrived broken and I have yet…,1,US
2024-06-09,Mrs. Jessica & Shannon Thomas,Most of my order arrived so quickly and the shipping package is so great!,Most of my order arrived so quickly and…,5,US
2024-06-09,Janet Eastwood,Great quality and original products but quite expensive. People always ask where I got the stuff from!,Great quality and original products but…,4,GB
2024-06-09,Genevive Langford,Amazing customer service ,Amazing customer service,5,GB
2024-06-09,Laura Thomas,Excellent customer service and very happy with the look and quality of the product.,Excellent customer service and very…,5,GB
2024-06-08,Nigel Root,"I am absolutely delighted with my two green china parrots. They look really good on my mantle piece in my Victorian cottage in N Norfolk. The internal box, within the postage box is exquisite. The whole thing was beautifully wrapped and boxed. These things make a big difference in today’s world. I’ve given the box to a friend who has a 6 month old baby to put special and lovely things in, in her bedroom. Thank you. Nigel.",I am absolutely delighted with my two…,5,GB
2024-06-07,Tara Westwood,"Beautiful packaging  and rapid delivery! Very impressed with my order, the lantern tea light holders are so pretty, they look perfect on my table. Thank you. ",Beautiful packaging  and rapid…,5,GB
2024-06-07,ADD,This is my first time ordering from Mrs. Alice. I have to admit I was skeptical at first because I wasn’t sure if I would receive the items on time being an overseas company. I finally opened the box today after traveling from work and I am so pleased by the presentation of the items shipped. The packaging is breathtaking. I loved  it! To open the wrapped Individual items feels like Christmas all over again. I will be your loyal customer and will continue to order some of the unique pieces you carry. Thank You! ,Loved it! ,5,US
2024-06-07,Stephanie Mendoza,Amazing! Can’t believe I received package so fast from across the ocean! Came safely packaged and loved the beauty of the package. And loved the product. Very happy!,Amazing,5,US
2024-06-06,Mrs Yvonne Cant,"Wonderful product, beautifully packaged, prompt delivery.",Excellent service,5,GB
2024-06-05,Lorie Cimoch,"I couldn’t find an item online, sent a message and the representative sent back a message saying the item was back on the website. ",Great customer service.  ,5,US
2024-06-05,Mrs CELINE ROUSSELET,"Nice selection, reasonably priced, fast delivery. What else do we need! Thank you ",Nice selection,5,FR
2024-06-04,Dawn M Wright,The items offered on this website are stunning. They arrive timely and are beautifully packaged. ,Beautiful Products,5,US
2024-06-03,Julie Lazarus,I love Mrs. Alice store!!!,I love Mrs,5,US
2024-06-02,Leigh jamison,Having a choice of so many beautiful items and having actual tablescapes for ideas.,Having a choice of so many beautiful…,5,US
2024-06-02,Susan,Love my parrot candle holders.  Beautiful colors ❤️,Love my parrot candle holders,5,US
2024-05-31,Elisabeth,The Tablecloth frosted…. lost colour already after 1st washing,Losing Colour,3,DE
2024-05-31,Nancy B,"Takes a long time to get your order. The shipping was deceiving because when I placed my order it said “free shipping” but when I checked out I was charged almost $100 in shipping. Also, the letter or note that I was sent by the company seemed unprofessional as it had a lot of bad grammar, improper use of pronouns and punctuation. They could be a lot more professional and customer appreciative.",Takes a long time to get your order,3,US
2024-05-31,Maureen DeCesaris,I had questions about product pricing. The representative did get back to me promptly. I was a little taken back on the pricing as it was not the same as the website. ,I had questions about product pricing,4,US
2024-05-31,Susan Holiday,Beautifully packed. Super item.Delivery information excellent. Thankyou.,Beautifully packed,5,GB
2024-05-31,Ammmmm,Super quick service great products ,Super quick service great products,5,GB
2024-05-27,Nawal Younis,"I’m surprised how you could deliver my request during the weekend from UK to KSA in a greate service!! 
The packaging made my day and can’t wait to use the pieces ",I’m surprised how you could deliver my…,5,SA
2024-05-26,Jennifer Banks,"The quality of the items, beautiful packaging and quick shipping is always been my experience ",LOVE!,5,FR
2024-05-25,Jaki Wulff ORDER ID,Gorgeous product,Gorgeous product,5,GB
2024-05-25,Wei Du,Very nice ! The quality of the goods is very good. The shipping is fast,Very nice ,5,KR
2024-05-24,Michele Goodman,Beautiful products and very quick shipping! ,Beautiful products and very quick…,5,US
2024-05-22,esha maker,Beautifully packaged! Loved the items. Worth the money thank you ,Excellent products ,5,GB
2024-05-22,Sherlyn Wilcox,Delivered on 2 days to a remote little town I the middle of the Chihuahua Desert!,Quick ship,5,US
2024-05-22,Ludovica,"I received a terrific support during my purchase!! 
",Terrific support!! ,5,AR
2024-05-22,Mrs Segal,Fantastic! Received everything quickly and customer service was very responsive and helpful! ,Fantastic,5,US
2024-05-20,Brenda,"My first order hope it comes soon 
Need it for a dinner party ",My first order hope it comes soon ,5,US
2024-05-20,Elizabeth Mantella,It came the next day . Was beautifully wrapped .Very pleased . Thankyou.,It came the next day ,5,GB
2024-05-19,Jill Moss,Good website and easy transaction,Good website and easy transaction,5,GB
2024-05-18,Janet,"Fast, efficient and friendly service.",Fast,5,GB
2024-05-12,Anne Duchesne,"Products so chic
Website experience top !!!
Thanks 
",Products so chic,5,PT
2024-05-12,LS Price,I was super impressed with the speed of delivery to N Ireland. Just 24 hours from ordering and my beautiful new lampshade was delivered. Happy Days!,Fast Delivery and Beautiful Lampshade,5,GB
2024-05-06,Marsha,These bags are unique and beautiful. Hope to see more selection soon. ,Unique bags,5,US
2024-05-06,New Yorker ,"Love the presentations ,products & product description details.","Love the presentations ,products &…",5,US
2024-05-05,ES,"Took two days to receive my order in the US.  I cannot believe how fast the shipping was! Item was just as described.
Cheers!",Such fast shipping!,5,US
2024-05-05,Customer,Easy ordering and pay pal,Easy ordering and pay pal,5,US
2024-05-04,Melanie Dowell,Product as advertised and well packaged for shipping ,Product as advertised and well packaged…,5,US
2024-05-04,Lyn Atkinson,"Efficient. Order sent promptly. Niw aitung for arruval but I can track.
Easy web site to order from",Efficient,5,FR
2024-05-04,TG,Fabulous leopard apron!,Fabulous leopard apron!,5,GB
2024-05-03,Pam Shuler,Love the planters and the quality is very nice.,Great product and nice packaging!,5,US
2024-05-03,Samaneh,"Great packaging 
Nice items 
Sooo famcy and chic",Great packaging ,5,US
2024-05-03,Martha Schreiber,Amazing products! Love your aesthetic!,Amazing products,5,US
2024-05-03,Pauline Ace-Hopkins,Speedy efficient service and quality products ,Mrs Alice gets it right again ,5,GB
2024-05-02,Jennifer Lohmeyer,The plates are very nice and I love the design! I also love how well packaged they were. They were wrapped in layers of bubble wrap for extra protection and I had nothing come damaged or scratched. I got the bunnies plates set and they are SUPER adorable.,The plates are very nice and I love the…,5,US
2024-05-02,Henry,Wonderful selection of beautiful objects. Excellent service. Arrived within two days perfectly wrapped. ,Excellent in every way,5,GB
2024-05-01,Mrs Jaber,Greet website with great goods my purchase was smoth and fast,Greet website with great goods my…,5,BH
2024-05-01,Daniela Jenkner,"You have beautiful examples/products on your site with so many cute details and in so many different colours and prints. I love to decorate the tables in summer with your fresh and creative prints and accessoires. 
It s possible to find everything for the perfect decoration- could buy everything!",Beautiful and fresh prints of tableware,5,CH
2024-05-01,Anna Vergulyanets,"For the price I would expect the quality to be better. I ordered the rattan salt and pepper set, the metal was a thin, cheep material. Not sure if it even is metal, and the base of one of the shakers was bent. 
I also ordered the rattan pedestal and urn, which were nice and sturdy, but different shades, the base was more yellow and shiny, the urn was more brown and mate. Don’t know if I would order anything from this site again. ",For the price I would expect the…,2,US
2024-05-01,Graziele timm,Beautiful and High quality products. ,Beautiful and High quality products.,5,DE
2024-05-01,Coby,"Prompt service amazing products
Packaging and delivery are everything!!! Love Mrs. ALICE!",Fabulous! Would highly recommend Mrs. Alice,5,CA
2024-05-01,Linda Maxwell,Fastest delivery ever!  3 days!  Wrapped beautifully.  Lampshades are stunning.  I’m ordering more!,Fastest delivery ever,5,US
2024-04-30,Joanne,Very quick delivery and beautiful items beautifully wrapped.. will definitely come back for more .. ,Very quick delivery and beautiful items…,5,GB
2024-04-30,va customer,Great shade - very fun scallop detail. I did need an adapter for the large uno ring - too large for my lamp. I ordered the adapter rings that are supposed to come today and I think it will work fine. Very nice fabric and fun print ,Great shade,5,US
2024-04-30,Margaret Jones,I ordered a lamp. It was apparently a pre-order which I didn’t realize. That’s no problem. However I’ve gotten no less than 4 emails since and at least two have asked me to rate my experience when I haven’t even gotten the product yet. The email dumps are super annoying. ,The email dumps are horrible,1,US
2024-04-30,Emer,"The glass tea light holders that I ordered arrived within 24 hours. They were beautifully packed in safe boxes , wrapped in tissue and each box tied with a stunning ribbon. They didn’t disappoint. Amazing , customer centric service , what’s not to love ❤️ ",The glass tea light holders that I…,5,GB
2024-04-28,Harmik Gharabegi,Thank you Love it.,Thank you Love it.,5,US
2024-04-28,Sheena Perry,Beautiful products!,Beautiful products!,5,US
2024-04-27,Dawn Laren,Fantastic !!,Fantastic !!,5,US
2024-04-23,Patricia Gotfredson,"The selection is wonderful. A bride registered a number of items from the Mrs. Alice website and I was able to choose a lovely gift. Only one suggestion, there was not an opportunity to send a note with the gift and it would have been a nice touch to be able to do that.",Wedding gift.,5,US
2024-04-22,CG,Great items and customer service!,Great items and customer service!,5,IT
2024-04-21,Mr Conchita Broomfield,Very good customer service and prompt delivery of the goods. ,Very good customer service and prompt…,5,GB
2024-04-21,Gayle Carrick,"Items are lovely, as described, packaged with love and add much to my tablescape!",Items are lovely,5,US
2024-04-21,Leah Paterson,"My Mrs. Alice packages arrived so quickly and when I opened the gorgeous moss green boxes I almost didn’t want to open the exquisitely & individually wrapped items that I purchased inside! So gorgeous! The color of the tissue paper and beautiful real ribbon… just heavenly! Quality is not spared! I took photos of everything because I could not believe how lovely everything looked all wrapped up so well.  When I did unwrap everything I fell in love with my blue Ikat tote bag and matching personalized pochette. Simple and elegant. Great size too. 
The boxwood table topiaries adorned with green velvet bows are perfect and top quality. And the wheat wreaths with white bow for next Christmas are just perfect. I love everything! Thank you Mrs. Alice 🌳 🌸 ",Astonishing & Captivating Attention to Detail,5,GB
2024-04-20,customer,My order shipping out the day I purchased ensuring I’d have it well before my event. Super happy about that!,Quick efficient service ,5,US
2024-04-20,Beth Ewing,It was exactly what I wanted and arrived very promptly!,Love the tablecloth! ,5,US
2024-04-20,Kay ,"I placed an order with mrs Alice , it was shipped straight away and received my goods the following day 
Excellent service highly recommended ", mrs Alice ,5,GB
2024-04-18,Sharon Honea,"Mrs. Alice has  beautiful items, great service, and an easy ordering process.  I would buy from her again. ",Mrs. Alice's great stuff and service,5,US
2024-04-18,CLR,"Beautiful packaging. 
Quick delivery. 
Love the items. ",Beautiful packaging,5,US
2024-04-18,Roberta Hosken,The shipping was fast and the candles very well wrapped and the shipper did not leave them in the Sun.  Perfect transaction,Perfect Transaction,5,US
2024-04-17,Kate,Great service with prompt delivery. Delighted with my rechargeable table lamps.,Great service with prompt delivery,5,GB
2024-04-16,Genevieve,The site is easy to use and I love the images for inspiration.  The lamp arrived sooner than expected and the packaging is as beautiful as the product.  Delighted.,Delighted,5,GB
2024-04-16,Irene Whittle,"Promptly dealt with my small order 
Many thanks ",Promptly dealt with my small order ,5,GB
2024-04-15,Brittany Strittmatter,"Stunning Tablecloth
The tablecloth and candle sticks I ordered are absolutely gorgeous! The shipping was efficient and easy to navigate",Stunning Tablecloth,5,US
2024-04-15,Chris,"Lovely website, beautiful products. Easy to order. Perfect. ",Perfection. ,5,GB
2024-04-14,Ms. J. G. MAXWELL,I’ve loved all the pieces I’ve purchased over the past few years. Beautiful and wonderful quality! Thank you!,I’ve loved all the pieces I’ve…,5,US
2024-04-13,EA,"This is not my first experience with Alice. All her things are great.
 They make the house happy and cute.
 Excellent delivery service.
I highly recommend it to everyone!
Thanks very much!",This is not my first experience with…,5,GB
2024-04-13,Jeanie Perrilliat,I love the rattan rabbits I ordered. I do not like paying so much for shipping. Wish there was an option for slower shipping that was less expensive. I am hesitant to order more things because of the pricey shipping fee.,I love the rattan rabbits I ordered,4,US
2024-04-12,D G Distribution,Beautifully wrapped and delivered with care. Very happy ,Beautifully wrapped and delivered with…,5,GB
2024-04-12,Kathy Hyde,"Unbelievable updates on when the product would ship & when I would receive it. 
I purchased the Chocolate Brown Ikat Tablecloth. It is beautiful and just what I was looking for. 
I'm waiting for the re-stock of the round Angelina Forest Green & Brown placemats to complete my table-scape.  Will be ordering these ASAP when they are in stock again.   ",Great shipping updates & beautiful tablecloth,5,US
2024-04-12,Mrs Turner,"Always beautiful things from Mrs Alice.
Wrapping gorgeous and delivered quickly. Love her merchandise. ",Always beautiful things from Mrs Alice.,5,AT
2024-04-11,paul salver,Excellent product and fast delivery.Highly recommend,Excellent product,5,GB
2024-04-10,Julieanne,Lovely striking parrot design. Next day delivery in beautiful presentation box. Very nice present to myself! ,Lovely striking parrot design,5,GB
2024-04-10,Katie Galaher,Love the website and the choice of products,"Love all the products, especially the tablescape items",5,US
2024-04-09,Clare,"I hadn't heard positive feedback re Mrs Alice customer service however this wasn't my recent experience, the order was placed and 2 days later it arrived extremely well packaged and I'm delighted with the lampshades which were purchased in the sale.  Based on this I would happily recommend.",I hadn't heard positive feedback re Mrs…,4,GB
2024-04-09,Mr Phil  Scott,Ordered last night out for delivery today,Ordered last night out for delivery…,5,GB
2024-04-09,Janickie,Amazing. Lovely items promptly delivered and beautifully wrapped. Would highly recommend! ,Amazing! 😀,5,GB
2024-04-08,Judith A. McCarty,I got exactly what I asked for. I love them. And giving 2 away for Christmas gifts.  ,I got exactly what I asked for,5,US
2024-04-07,Mrs Clare Hammond,Beautiful lampshade and excellent service ✅🥰,Beautiful lampshade and excellent…,5,GB
2024-04-06,Maxine,The quality of goods was excellent ,The quality of goods was excellent,5,GB
2024-04-06,Mariana Lujambio,"Great shop. They have the cutest things for entertaining. I wish the shipping to the USA was less pricey, but I try not to think about it and click “place order”.
",The cutest shop ,5,US
2024-04-06,Mrs Theresa Carter,Received order very quickly. Came beautifully wrapped in tissue. And really pleased with the products. Great service.,Rechargeable lamp and shades.Received order very quickly,5,GB
2024-04-06,Irene,Packaging is absolutely wonderful. At Mrs Alice they are truly perfectionists. Ordering easy and delivery quick.,Great class experience ,5,GB
2024-04-04,David Stine,The Blue Parrot Candle Holder set is nice but the white portions on the candle sticks are much more yellow than white. ,The Blue Parrot Candle Holder set is…,2,US
2024-04-04,Ragged Map Hayley,"Items were dispatched very quickly, packed safely and so beautifully wrapped, it felt like opening presents. The rabbits are so well made and look gorgeous. I’m thrilled.",Great shopping experience! 10/10 ,5,GB
2024-04-03,MRS JK,"Great service and beautiful, delicate candlesticks.  I look forward to shopping with you again.",Great service and beautiful,5,GB
2024-04-03,Paola,"Quality products and great service. Very well curated in every aspect
",Always great products and service,5,FR
2024-04-01,Philip Bryant,"Beautiful, detailed decorative items!
Love the carefully packaged goodies.
Enjoy the special sales!!!
Miss the pretty boxes with ribbon ties, felt very special to get my order.",Beautifully crafted pieces!,5,US
2024-04-01,Lisa,I am so grateful they were able to expedite my shipment to arrive on time!,I am so grateful they were able to…,5,US
2024-03-31,Claire,"Great communication, fast delivery and a brilliant product. Very happy!! ",Great product ,5,GB
2024-03-30,Sarah Charrington,I can’t review as my order is on hold for the moment. Such a shame as I really wanted them for Easter!,Order not fulfilled,1,GB
2024-03-30,Mrs Emma Newton,"Have given 5 stars don’t have more time 
Many thanks",Have given 5 stars don’t have more time…,5,GB
2024-03-30,Carol ,Well it’s kinda silly to ask me to review your product that has failed to be delivered!!!! ,Well it’s kinda silly to ask me to…,2,GB
2024-03-30,Diane Meyers,Was looking for a classy and beautiful lamps for my living room. I was browsing a magazine so i used google camera and found her products very reasonably priced and was just what I was looking for,Was looking for a classy and beautiful…,5,US
2024-03-30,Beverly Katz,"Great choices!! Beautiful products. Very prompt shipping and keep me informed.
The presentation was very high end my purchases are just perfect!  I will purchase from you again. When I opened the boxes each item was wrapped with beautiful paper and ribbon. Very impressed! ",Happiness,5,US
2024-03-30,Anthony Cerny,"Always straight forward, easy to navigate and instant confirmation. My third purchase from Mrs. Alice - always a pleasure (and the products received absolutely never disappoint!",Always a Great Experience ,5,US
2024-03-29,Jo,"So happy with my lampshade, very good quality and made really well.
Speedy delivery. ",So happy with my lampshade,5,GB
2024-03-29,sallyhudsoncustomer,My order was dealt with quickly and as usual product of exceptional quality. ,My order was dealt with quickly and as…,5,GB
2024-03-29,David Young,Such beautiful treasures! I love to find items to gift to people that are special and there is sooooo much to choose from on Mrs. Alice. ,Such beautiful treasures,5,US
2024-03-28,Claire,Really really quick delivery. Arrived beautifully packaged and presented as well.,Really quick delivery and beautifully packaged ,5,GB
2024-03-28,Elizabeth Linden,Great quality products and prompt delivery and beautifully packaged items. I’m very impressed!,Great quality products and prompt…,5,US
2024-03-28,Brigida Puglisi,"I felt the experience w  Mrs Alice was perfect!  Priced fairly, easy to access & quick delivery.
Would shop here again!",I felt the experience w  Mrs Alice was…,5,US
2024-03-28,J Rose,"Such a stunning bag! So well made & arrived beautifully packed. I’m thrilled with it. 
",Such a stunning bag!,5,GB
2024-03-28,DEBORAH LINDEE,Lovely items! Fun to meet Alice & her husband here in California!,darling items,5,US
2024-03-28,Hugh,Awful experience ,Awful experience,1,GB
2024-03-27,Hannah,"Quick delivery, beautifully presented ",Quick delivery,5,GB
2024-03-27,Alberta Vieweg,Outstanding products.  Looking forward to my treasures to arrive!,Outstanding products!  Really beautiful!,5,US
2024-03-27,Sarah,Nice and easy website to navigate ,Nice and easy website to navigate,5,GB
2024-03-27,Brenda Byrne,Speedy delivery. Delivered in a strong box. Beautiful items beautifully wrapped in pretty coloured tissue paper and contrasting ribbon. It was like opening a present! Very pleased. ,Speedy delivery.  Beautiful items.,5,GB
2024-03-26,Linda Critchley,"Ordered a sample 19/03
Plenty of follow up marketing emails but still no sample and no answer on the phone, 

I can load an app to follow my order if I like🙄surely at the price charged for a sample you could deliver! 
I’m still waiting, have a room to decorate and rest of house to follow. This isn’t a good start. ",Ordered a sample 19/03,1,GB
2024-03-26,Amy B,"First time I’ve ever been asked to pay duties on anything I order! I receive things from all over the world and have never had to pay duties. You might check out Erdem, My Theresa, HuishanZhang. I order from them all the time and never have had to pay duties. Sorry, but you lost a good customer.",First time I’ve ever been asked to pay…,1,US
2024-03-26,Christine  Mchugh,Such a beautiful product. Quick delivery also. Will definitely be purchasing more from Mrs Alice ,Such a beautiful product,5,GB
2024-03-26,Lupe Villasenor,I am so happy with my purchase and amazed on how quick I received my items too!,I am so happy with my purchase …,5,US
2024-03-26,susanne weidl,"The parcel arrived one day earlier than expected, so I have plenty of time to decorate my 🐣 Easter Table! Thank you! Always a pleasure working with you! Susanne ",The parcel arrived one day earlier than…,5,DE
2024-03-26,Malissa,Absolutely garbage of a product. They are expert at marketing and photos and the actual candlesticks that arrive are plastic-like and look cheap. Sad that I fell for it. ,Absolutely garbage of a product,2,US
2024-03-24,Jan p,"I’m so pleased that I discovered Mrs Alice, I ordered 2 lampshades and 2 rabbits for my Easter display, my order arrived really quickly and beautifully wrapped I will definitely be ordering again!",I’m so pleased that I discovered Mrs…,5,GB
2024-03-24,Mr Roy Edwards,very good choice; very good taste; easy to proceed; quick response; quick delivery.,the House of good taste,5,BE
2024-03-23,Laura Williams,"These brought me joy: the ease of ordering, the choices! the rapid delivery, the wrapping, the great packaging, the product!",These brought me joy,5,US
2024-03-23,Alyson Thynne,Always sure that the quality of items will be excellent. ,Always sure that the quality of items…,5,GB
2024-03-23,Victoria Grace-Hunt,Great experience. Quick shipping of personalized item. High quality product. ,Great experience,5,CA
2024-03-23,Eric,"I absolutely love the products, I find the quality to be wonderful and the customer service is top notch. That said, I find the website descriptions to be tricky and often what I’ve ordered arrives different than expected. More in depth photos would be nice too. ",I absolutely love the products,4,US
2024-03-22,Concepcion Reyes,"Excellent customer service, fast delivery, quality and beauty. Thank you Mrs. Alice!",Great company to do business with!,5,US
2024-03-22,Karen,Extremely efficient ..beautiful packaging creating the personal touch ..stunning products ,Extremely efficient ..beautiful…Easter chicks and rabbits ,5,GB
2024-03-20,kathy heidt,Response from customer care,Great,5,US
2024-03-20,Katie Eiland,Enjoying the Mrs Alice products I have. Excellently packaged. Unique products,Enjoying the Mrs Alice products I have,5,US
2024-03-19,Charlotte D,"very quick delivery, great product. ",very quick delivery,5,GB
2024-03-19,Jordan Dinos,Quick shipping and amazing quality.  Truly a beautiful product that I know I'll have for years to come.,Quick shipping and amazing quality,5,US
2024-03-18,Jen N,"Seamless, easy to order, fast functionality.","Seamless, easy, great selection..",5,US
2024-03-17,Lori Fogle,The Easter decoration are beautiful and high quality-bought more this year!,The Easter decoration are beautiful and…,5,US
2024-03-16,MARGIE HILL,It arrived early. Packaging was exquisite. The pieces were beautiful. ,Perfection wrapped up with a bow,5,US
2024-03-16,Elaine Stein,Lovely Mrs Alice! Beautiful gifts! Great displays! ,Lovely Mrs Alice,5,US
2024-03-16,Fiona Douglass,I placed an order on the 12th March 2024 and since my first reply AS below I have received NO FURTHER COMMUNICATION OR GOODS - I have no idea where my order is - I have emailed but no reply and there is no telephone number to call? Yet I have had two emails to ask how your service is?! My daughter will be staying with a friend this weekend and has no gift to take and give the parents! Sorry to complain but! HELLO I STILL DO NOT MY GOODS AND STILL HAVE NO REPLY TO ANY OF THE MESSAGES I HAVE SENT SO NO IDEA IF AND WHEN I WILL RECEIVE THE GOODS IT HAS NOW BEEN 11 DAYS SINCE I ORDERED!  PLEASE ADVISE - THANK YOU!,I have no idea where my order is,1,AE
2024-03-15,Julie,"I visited the pop-up store at de Gournay in San Francisco on Wednesday and it was a delightful experience. I was looking for a placemat in a specific green and fell in love with the Sylvie green embroidered napkins which was the particular green I was looking for. However, the placemats in the Sylvie pattern 
in green are out of stock. Instead, Alice smartly suggested I purchase the napkins which, unfolded, look just like placemats! I wouldn't have thought of that. What a great solution. I can't wait to receive them! I must add, that every tablescape at the de Gournay shop was gorgeous and de Gournay was the perfect venue for your pop-up! Thanks for coming across the pond to visit us in San Francisco!",I visited the pop-up store at de…,5,US
2024-03-15,Karen Swanson,Your packaging was perfect!,Your packaging was perfect!,5,US
2024-03-15,Mathieu,Ordered 3 pieces over a month ago and still haven’t received anything. ,Ordered 3 pieces over a month ago and…,1,US
2024-03-15,Natalie Tulloch,Wonderful! ,Wonderful!,5,US
2024-03-14,Stacey Hodges,I was so worried when I got the package and heard the contents moving around inside!  The plates ended up being fine - but I was very disappointed in the Mrs. Alice packing job this time. Very small bubbles on the bubble wrap that was used and did not provide a sufficient cushion for the heavy box of dishes.  The box also did not contain enough of the bubble wrap.  It all ended well though - nothing was broken - just my ideas about how perfect Mrs.  Alice packaging was.  Everyone makes mistakes though! ,One bad package didn’t break the dishes thank goodness!…,3,US
2024-03-14,PATRICIA CLEARY,Excellence service and great quality,Excellence service and great quality,5,GB
2024-03-14,Vickie Simonton,"Communication, quality",Communication,5,US
2024-03-14,Dee Cunningham,"The beautiful products, the personal welcome & appreciation and the quick delivery! Thank you ",The beautiful products,5,ZA
2024-03-14,Kate McGinley,Had an issue with the address I originally used for shipping since I’m moving soon and needed to change it— they got back to me in no time!! They updated my address immediately and were very helpful!! ,Had an issue with the address I…,5,US
2024-03-14,Anthony Rosso-Rossi,Professionalism ,Professionalism,5,GB
2024-03-13,Jane Yorke,Very efficient responsive customer service.  Super pleased with table cloth.  Absolutely lovely.,Excellent,5,GB
2024-03-13,Elisabeth Beaufreton,"I am very happy with my purchase,it's as lovely as in the description..","I am very happy with my purchase,it's…",5,FR
2024-03-13,Louise Armour,Seamless and excited to get get the products ,Seamless and excited to get get the…,5,US
2024-03-13,Kristen Andersen ,Mrs Alice exceeds my expectations every time! I know I will receive the most elegant products. My philosophy in home design is surround yourself with what you love 💕 Can’t wait to get the IKAT pink tote. Kristen ,Mrs Alice exceeds my expectations every time,5,US
2024-03-12,Mrs Kaz Forecast,Delivered very quickly - beautifully packaged - sweet little herd of sheep - just have to put mincrobells round their necks. Interesting site!,Delivered very quickly,5,GB
2024-03-12,Mariia Nikolenko,"I had a problem with purchasing, could not add my delivery address, and the lovely support team helped me very fast. Tank you ! ",Excellent support services ,5,LU
2024-03-11,Merle Gross,Excellent photos   Excellent press. Excellent communication!,Excellent photos   Excellent press,5,US
2024-03-11,Ms Thomas,Excellent products,Excellent products,5,GB
2024-03-11,Janet M,Beautiful candlesticks beautifully packaged. I love them. ,Beautiful candlesticks beautifully…,5,GB
2024-03-11,Charlotte Elliott,"Wonderful product - rattan tea light holders - absolutely thrilled with them. Easy to order, very quickly dispatched, well packed,  very good experience all round.",Wonderful product,5,GB
2024-03-11,Alan,Great selection of beautiful products and easy ordering process ,Great selection of beautiful products…,5,GB
2024-03-11,Sally Wickenden,Speedy easy instructions etc. excellent service from start to finish. ,Speedy easy instructions etc,5,GB
2024-03-10,cjwcustomer,"The salt and pepper shakers are so good looking, but arrived with one of the lids missing quite a bit of the silver. I did request a return/replacement, and was delighted to learn a replacement is on the way.
Shipping was very fast.",Customer service not helpful with defective purchase,5,US
2024-03-09,lynne Elder,Got my package so quickly - very impressed!! Love my cushions and tablecloth!  I will definitely order again! Love all of her things and her vision.,Got my package so quickly,5,US
2024-03-08,RuthAnn Knowles,I had some questions about my items and they were addresses promptly . I hope in time you will open a warehouse in the US . Simply because returning item to England could be costly . It would eliminate VAT as well.,My positive experience .,5,US
2024-03-08,Kathy Murphy,I just love the vase.  I can't wait to use it and it is good and heavy so it will not tip over.,I just love the vase,5,US
2024-03-07,Amanda Foster,"Beautiful products, well wrapped and packed, quickly delivered!",Beautiful products,5,US
2024-03-06,Arleen Schillaci,Shipment was so quick !! The items were beautifully wrapped and the gift box was magnificent! Love… love the candlesticks!!💖,Shipment was so quick !,5,US
2024-03-05,Lee V,My question was answered promptly and satisfactorily.  I appreciate the customer service Mrs. Alice offers!,Satisfied Customer,5,US
2024-03-05,Thomas Bay,Quick turn around and quality product.,Quick turn around and quality product.,5,US
2024-03-04,customer Jennifer Richards ,"I’ve bought twice now from Mrs Alice and the items are beautiful, shipped quickly and arrive in perfect condition, well wrapped and also wrapped as a gift , very very happy with this site and will continue to buy from here 😊",I’ve bought twice now from Mrs Alice…,5,GB
2024-03-04,Viviana Villalpando,Always a great experience to shop with Mrs Alice!,Always a great experience to shop with…,5,MX
2024-03-03,Sheena jane Black,Quickly delivered and so Beautifully presented love love love it. Thankyou. ,Quickly delivered and so Beautifully presented …,5,GB
2024-03-03,Brenda Day,I absolutely love the beautiful tablescapes and the ability to purchase the desired items for vignettes in one place and have them delivered to my front door. ,Surround Yourself With Beauty ,5,US
2024-03-02,Melba jeanne Mangina,Your website could be easier to use if for example the replacement candlesticks I wanted to order had simply been easy to find under ‘candle holders’.  Then it was frustrating not to be able to order the white color pheasant ones when you featured the other colors.,Your website could be easier to use if…,4,US
2024-03-02,Tehmina,amazing product and service but the ship[ping was too high and its making me think twice about ordering again.,amazing product and service but the…,4,US
2024-03-02,Amna Alsuwaidi,The product quality is always amazing. Shipping is really fast.,The product quality is always amazing,5,AE
2024-03-02,FANNY GIRARDOT,"Items well packaged & protected, arrived  on time & as described on website.
I am delighted with them.",Items well packaged & protected,5,GB
2024-03-01,Sarah Cocks ,"Stunning lamps , even better than photographs . Arrived incredibly quickly and the packaging was so beautiful I didn’t want to unwrap .
Would thoroughly recommend , am very pleased I’ve found this shop . ",Stunning lamps ,5,GB
2024-03-01,Barbara,I love my little gray sheep!  The cutest little ones ever.  Also love the website.  Need to order more!,I love my little gray sheep,5,US
2024-03-01,Catherine,Quality as always.,Quality as always.,5,GB
2024-03-01,GB,"Superb service- delivered next day!
Lovely products - thank you ",Superb service- delivered next day!,5,GB
2024-02-29,Leah,"Living in the States, I couldn’t believe how quickly I received my items. The were also packaged beautifully, and super-high quality. Thank you for a great experience! ",Living in the States,5,US
2024-02-29,NANCY Bottross,"Fast  and update by email about my order
Accurate service 
Enough data about items 
Amazing collection ",Fast and accurate service ,5,KW
2024-02-29,Helene A,"Beautiful selections and atmospheres
Super kind service and advise",Beautiful selections and atmospheres,5,IT
2024-02-29,Mr Matthew Swegsda,Quick delivery. Pleased with product. Overall lots of ideas from app. Will purchase more products. So glad I found Mrs Alice.,Quick delivery,5,GB
2024-02-28,Sylvia,This company offers beautiful items shipped quickly and many beautiful Tablescape ideas,Great novelty company,5,US
2024-02-28,Erika Eubanks,I never received my order,I never received my order,1,US
2024-02-27,Tracey,"My goodness what fabulous napkins, they came in pretty bag, thank you. Very easy to use the website, lots of great communication, my order came quickly, lovely lovely company to deal with.",My goodness what fabulous napkins,5,GB
2024-02-26,Gail Jordan,The candlesticks were beautiful packed beautifully. Thank you g . Jordan,The candlesticks were beautiful packed…,5,US
2024-02-25,Janet Ogilvy,well packed and prompt delivery,well packed and prompt delivery,5,GB
2024-02-24,Lynn Mclelland,I preordered some blue candle tea lights which said would be delivered about the 11th off March but I have already received them!! So happy and love them!! They came beautifully wrapped with lovely yellow ribbon so pleased I’ve just ordered some more in love with Mrs Alice 🤣🤣❤️❤️🧐❤️ my new favourite site,Blue tea candle lamp,5,GB
2024-02-22,Jackie Phillips,Order came fast. But I won’t be ordering any more because shipping is way too much!!!,Order came fast,5,US
2024-02-22,Highgrove Design,"While i have yet to receive the items that I ordered, I find the selection of products offered by Mrs. Alice to be stunningly beautiful! I am excited to get these little lamps and hope that my client loves them!!",Excitedly Waiting!,5,US
2024-02-22,Jennifer,"An excellent purchasing experience. 
Thank you. 
I now wait for the delivery. ",An excellent purchasing experience,5,GB
2024-02-20,Celeste VanTil,Shipped quickly and the tablecloth I purchased was beautiful and wonderful quality!,Shipped quickly and the tablecloth I…,5,US
2024-02-19,Claire French,The items I ordered are lovely.  They were beautifully wrapped and delivered extremely quickly.,Gorgeous,5,GB
2024-02-19,Lucy,Lovely products and great website.   Very quick delivery too.,Lovely products and great website,5,GB
2024-02-19,Dresden Soderstrom,"Poor experience

Items took >1 month to ship and required me emailing the team multiple times. They were responsive and kind but it took my badgering them to get my items. When they finally arrived, they were poorly packaged and broken.",Poor experience,1,US
2024-02-19,customer,"Oh my goodness I am so thrilled with my exquisite lampshades- thank you!!! They came so beautifully wrapped and are just perfect, I love them.",THRILLED!,5,GB
2024-02-18,customer,Fast efficient service with beautiful packaging and item I ordered exactly like the pictures. Very happy with my little lamb flock. Thank you,Fast efficient service with beautiful…,5,GB
2024-02-17,Matthew Madden,The communication. The packaging. The speed of the order fulfillment and  most importantly the quality of the product.,Happy Customer in the U.S.A,5,US
2024-02-16,TOD,The items I selected (green reindeer) arrived perfectly wrapped and when I wrapped them the reindeer were exactly as described and pictured on the website. The entire process made me happy.,Perfect reindeer,5,US
2024-02-16,Carmen Gaunt,"Speedy. Quality product unlike any other seen on line or in shops.
Beautifully wrapped.",Speedy,5,GB
2024-02-16,Claudia,"The incorrect dollar amount was placed on the items i ordered - leading to an incorrect customs bill. When i attempted to resolve this with the customer care team, it took days to get a response and an extreme lack of effort on their behalf to correct this. I was left with the option to either not receive my items or pay an exorbitant customs bill. Very poor customer service and i won’t be ordering again.",Incorrect customs bill and awful customer service,1,US
2024-02-15,Ceil Church,"Dear Mrs.Alice,
What a lovely experience I have had from ordering online to delivery notifications. Technically ordering online was like no other experience! Well done! My order is suppose to arrive today, very exciting!
Mrs. Ceil Church","Dear Mrs.Alice,",5,US
2024-02-15,Barbara  Penswick,"Such lovely products delivered so swiftly and amazingly packaged! 
10/10
Mrs Alice !",Such lovely products delivered so…,5,GB
2024-02-15,Anne ,Place my order for a beautiful lamp and shade. It was dispatched. The next day arrived safely boxed in beautiful paper and ribbons with a lovely card inside from Mrs Alice.,Beautiful table lamp,5,GB
2024-02-15,Miss Hollie Underwood,"Amazing! Ordered late Sunday and it was here on Tuesday. Beautiful rattan vase. Really delighted with it. Came beautifully wrapped in a branded green box and well protected. 
Couldn’t be happier with my first experience purchasing from Mrs Alice",Amazing. Delighted customer.,5,GB
2024-02-14,donna_harrisonbtinternet.com,"Thank you so much 
I love all your beautiful things 
Donna x",Thank you so much,5,GB
2024-02-13,Ines Rose,Great customer service!!! Amazing packaging,Great customer service!!,5,GB
2024-02-13,Ben G,"Superior service, very quick responses to emails, lovely people, and beautiful, traditional but modern products I don't see everywhere.",Superior service and products.,5,US
2024-02-13,Andrea DeGasperis,"The quality of the items I’ve ordered in the past has been exquisite, and so unique.  I also truly appreciate how quickly my items are shipped, and how promptly I receive them.  I can’t wait to decorate my Easter table with more rattan rabbits from Mrs Alice!",PERFECTION!…,5,US
2024-02-12,Anne Ferguson,Brilliant service - super quick.,Brilliant service,5,US
2024-02-12,Bambi Morton,Wonderful taste,Wonderful taste,5,US
2024-02-12,Dany Padolska,Lovely item. Swift delivery. Thanks,Lovely item,5,GB
2024-02-11,Lindsay GILL,Quick delivery and beatifuly packed,Quick delivery and beatifuly packed,5,GB
2024-02-10,Miaka,The tablecloth I ordered from Mrs. Alice arrived beautifully packaged and the cloth was beautifully made. 💕,The tablecloth I ordered from Mrs,5,US
2024-02-07,Jacqui jones,"I give mrsalice rave reviews I loved the pretty wicker shade on line & I was offered 10% off my first order ..when it arrived it was beautifully packaged with a pretty green ribbon which I loved ..The shade is sitting pretty on my hallway lamp , thank you Jacqui Jones",Pretty shade,5,GB
2024-02-06,Debra Deihl,Easy ordering process and fast delivery. Products are always high quality and the table settings are very creative and beautiful.,High Quality Products,5,US
2024-02-06,Mrs Kleist,"The goods were delivered in a speedy fashion. They arrived well packaged and as forecast time wise, so I was able to plan my day accordingly.",The goods were delivered in a speedy…,5,GB
2024-02-05,Kevin Pumfrey,Great products,Great products,5,GB
2024-02-04,linda,"Very good quality, beautifully packaged and top service.",Very good quality,5,US
2024-02-04,customer,Stunningly made and beautifully packaged,Stunningly made and beautifully packaged,5,US
2024-02-04,Ashley King,"Ordered a beautiful lampshade, the quality exceeded my expectations. Arrived quickly and wrapped beautifully would highly recommend.",Beautiful Lampshade,5,GB
2024-02-02,Ron Van Empel,The lovely surprise to be talking/emailing to Mrs Fresson...a former client of mine. Also that she will be sending a sample free of charge.,The lovely surprise to be…,5,NL
2024-02-02,Anna Weddell,"Thank you very much. 
Regards Anna xxx",Thank you very much,5,GB
2024-02-01,Sally,fast delivery,fast delivery,5,GB
2024-02-01,Kimber Lawson,I have placed multiple orders from Mrs. Alice and when I received my first shipment I was taken back by the over the top care they took in packaging their items.  They hand wrapped each item and tied with a matching bow.  I felt like I was getting a gift.   I unwrapped each item and I could not have been more happy with my purchases.     It’s the little things like the wrapping that is hard to find in the US.    I am constantly looking to see if they have new items.    Everything is of very high delicate quality.    Thank you!!,It’s the little things.,5,US
2024-02-01,nora jarrard,Excellent customer service,Excellent customer service,5,US
2024-01-31,Mollie Neeter,It was good DHL shipping but the colour incorrect- not quite as described or pictured. I ordered the Blue Rattan Pagoda Latern. It has more green in it- making it a Tiffany Blue (cooler) than Coastal or Baby Blue (a grayer undertone. The site doesnt allow reviews which is disappointing. I have a chinoiserie room and the color is not a traditional blue.,It was good DHL shipping but the colour…,3,US
2024-01-31,Maximilian Gelber,Great items and great service! Highly recommend.,Great items and great service,5,GB
2024-01-31,Allison Speer,Love the easy check out and product,Love the easy check out and product,5,US
2024-01-30,Janis,The Small White Rattan Urn Vase is chipped in two spots and you can tell someone try to paint over chips. I feel they send it to me damaged to the United States knowing I would't paid for shipping to return vase.,Urn Vase is chipped,3,US
2024-01-30,kathryn.painteryahoo.com,"Not only do I love th products I ordered from Mrs. Alice, I appreciate the ease in ordering and the very prompt delivery! I will definitely order again!",Not only do I love th products I…,5,US
2024-01-30,Jak Jak,"Excellent products, first class service.  The table runner is stunning - beautifully embroidered - would have no hesitation in recommending",Excellent products,5,GB
2024-01-29,Rachael,Love it all!,Love it all. Very quick shipping!,5,US
2024-01-29,Chris Tash,Easy to order and incredibly quick receipt of order! Beautifully packaged and received perfectly! Thank you!,Wonderful Company/Beautiful Products,5,US
2024-01-28,Mrs Pilkington,Always so exciting receiving boxes from Mrs Alice !,divine ….Mrs Alice !,5,GB
2024-01-27,Silvia,Easy to navigate prompt delivery. Love how you see the items in settings,Easy to navigate prompt delivery,5,US
2024-01-27,JGR,Was introduced to this site recently.  Quality and choices are great and received everything quickly!,Was introduced to this site recently,5,US
2024-01-27,Jennifer Roberts,Beautiful products,Beautiful products,5,US
2024-01-27,Angela ,Great service. The item arrived damaged and a new one arrived the following day.,Fantastic service,5,GB
2024-01-27,Mary Vandenberg,Shop Pay made my purchase very easy.,Shop Pay made my purchase very easy.,5,US
2024-01-26,Marianne,beautiful deers and gold candles I will be bck,beautiful deers and gold candles I will…,5,GB
2024-01-26,S. Shields,Fast delivery! Beautifully packaged with great attention to detail. Thrilled with my purchases!,Fast delivery,5,US
2024-01-26,Zoe,Beautiful product with fast delivery,Beautiful product with fast delivery,5,US
2024-01-26,Miss Hellyer,Beautiful tablecloth arrived swiftly and beautifully packaged,Beautiful tablecloth arrived swiftly…,5,GB
2024-01-25,K Dodson,Beautiful product and very fast shipping!,Beautiful product and very fast…,5,US
2024-01-24,Maria Irizarry,"Absolutely everything about the experience was amazing!! 
Communication with me about how fast they packed up and shipped the order!!
When it was arriving, delivery and most importantly the package was so beautifully wrapped in a gorgeous box with ribbon and the merchandise even more beautiful in person!! I am so happy to have purchased and received this merchandise from Mrs Alice!!!",Absolutely everything about the…,5,PR
2024-01-24,Kate THORPE,Helpful thank you,Samples,5,IE
2024-01-24,Cadogan Tate Fine Art,Love the wicker cart,Quick response time,5,US
2024-01-24,Maria Ortiz,"Incredibly fast shipping from the UK, and excellent quality. I am very happy with Mrs. Alice’s products.",Incredibly fast shipping from the UK,5,US
2024-01-23,Elisha Estabrook,"Beautiful as usual, everything I’ve bought from Mrs  Alice has been absolutely delightful such lovely quality highly recommend this shop",Beautiful as usual,5,GB
2024-01-23,Jane Rees,The DPD driver didn’t ring the door bell. I was in and he could have seen me from the front door. Have to wait an extra day for delivery now. Ridiculous!!!!!,The DPD driver didn’t ring the door…,2,GB
2024-01-23,Lisa,"Beautiful and unusual shades.
Very sturdy and quirky.
They were packaged beautifully.
Thank you x",Beautiful and unusual shades.,5,GB
2024-01-23,J. M.,Ordering on their website was seamless. Dellivery was prompt and kudos for the beautiful packing. Each piece was attractively wrapped so it felt like a present....from me to me!,Ordering on their website was seamless,5,US
2024-01-22,Marcus,Quick response through Instagram. Arrived quickly and safely packaged.,Quick response through Instagram,5,GB
2024-01-21,Linda Kilner,Beautifully packaged and arrived the next day.  Excellent service,Beautifully packaged and arrived the…,5,GB
2024-01-20,Diane Goodill,Easy online ordering. Fast delivery. Kept up to date with shipment. Items that were ordered are even nicer than expected. Really lovely quality. Would definately recommend! Beautifully packaged. 🥰,Easy online ordering,5,GB
2024-01-20,MRS TONI GREEN,"So happy with my two ribboned potted boxwood balls. Arrived quickly in perfect condition & beautifully packaged in coordinating colour & bow!
Thank you for an excellent service.
I would not hesitate to use Mrs Alice again.",Ribboned boxwood balls,5,GB
2024-01-19,Olivia,"Fast shipping, beautiful packaging and a gorgeous tablecloth",So happy,5,US
2024-01-19,E W,Beautiful hobnail jug,Beautiful hobnail jug,5,GB
2024-01-19,Harrison,"Very quick delivery, the beautiful packaging was a lovely surprise too.",Very quick delivery,5,GB
2024-01-18,Mr Richard Rawlinson ,Beautiful products delivered with style,Beautiful products delivered with style,5,GB
2024-01-18,Eugene,We had an issue with shipping and billing but it was sorted immediately!,We had an issue with shipping and…,5,NL
2024-01-18,Terri,"Gorgeous fabrics & designs, high quality products, and shipped quickly,",Beautiful Napkins!,5,US
2024-01-17,Mrs. Jilly Williams,"My Beautiful plates arrived this afternoon, they are really pretty, I wish I had seen them earlier as I had the last three, so gorgeous.
The care taken with the packaging is Amazing!",My Beautiful plates have arrived!,5,GB
2024-01-17,Susan Addison,I ordered an recieved quickly my item which was beautifully wrapped and a lovely item too ❤️,"Great service, lovely items!",5,GB
2024-01-16,Nat,"I do not know how it is supposed to work with the courier but the parcel was delivered to the local post as no one was home. To be clear, I received a first notifications about delivery 2h in advance of it (accidentally) and when it was missed for obvious reasons without any instructions the parcel was sent to the local post! I am not sure how £7 paid for delivery would justify the need to go to the post now and queue there to get the parcel. Not something I would expect from the online shop selling upmarket goods for home. You can always blame the courier but I guess picking up the right courier/ delivery company is a must when selling online. 
Sadly, can not comment or add anything on the quality of goods at the moment and still hope very much that they are nice and worth the effort.",frustrating delivery service,1,GB
2024-01-15,Socalgalnva,The products were beautifully packaged and of very high quality. Shipment updates were frequently updated and very helpful. I will buy from this vendor again.,The products were beautifully packaged…,5,US
2024-01-15,Judy Howard,Maneuvering the website and placing orders!,Maneuvering the website and placing…,5,US
2024-01-14,TROOPER,"Excellent online live support, always responded within 12 hours by email.  Fast delivery and beautiful packaging.",GOOD EXPERIENCE,5,GB
2024-01-14,Lara Sassounian,"Customer service was fantastic and very responsive! The reps I emailed with were Sarah and Mandy! Overall, great experience! Makes me want to shop here again.",Customer service was fantastic and very…,5,US
2024-01-13,Susan Stonich,Beautiful things at reasonable expense!,Beautiful things at reasonable expense!,5,US
2024-01-13,Ashley Clark,Great response time - Answered Qs about lampshade!,Timely customer service response! So sweet too!,5,US
2024-01-13,Marlene Riesco,My table looks stunning in Mrs Alice table linen’s.,My table looks stunning in Mrs Alice…,5,US
2024-01-13,Deborah,I’d like to fill out once I get my purchase,I’d like to fill out once I get my…,5,US
2024-01-13,PATTY MILLER,Beautiful website and great products!!!! Love this company.,Beautiful website and great…,5,US
2024-01-13,Isabella Pangrazi,Everything..,Everything..,5,IT
2024-01-13,jennifer MOHATT,Excellent product. Fast shipping. Packaged beautifully.,Excellent product,5,US
2024-01-12,Caroline,"I really wanted to like this company, but my dealings with them to date have not gone well. My latest purchase of two glass lanterns is a disaster. One arrived smashed with shards of very thin and cheap glass. These are not well made and I would be very surprised if the glass was tempered to take the heat of a candle as seen on the website.
Next I fill in the returns form on the portal, where I am asked to upload a picture of the damaged item for them to review. I am still waiting for a reply and I am not happy to incur the cost of return post for something that arrived broken. They packed it and chose the courier who delivered it. Overall a bad experience as the shards of glass ( which are tiny) cut both my hand and my dog's paw. I await your reply.",I really wanted to like this company,1,GB
2024-01-12,M A,"Purchased an item on the 3rd of Jan. Contacted the company on the 9th as I didn’t hear back, and was informed that “the order is just being processed”. It is now the 13th and I still haven’t heard anything.

I wouldn’t have minded the delay, providing I was sent transparent communication about this. No idea what their email meant by “just” being processed, as if that provides any further clarity, and if they use DPD as indicated, then there is no excuse for this type of delay. They responded to my email promptly, but I wish they had the same efficiency over the processing of their deliveries as they do sending marketing emails.",Do better…,1,GB
2024-01-12,Kathleen,Quick answer quick shiping,Quick answer quick shiping,5,FR
2024-01-11,AD,Beautiful rattan lantern. Very pleased with purchase. Arrived quickly.,Beautiful Rattan  Lantern,5,GB
2024-01-11,Mrs. LK Winchester,"Easy online ordering 
Rapid delivery, reliable deliverycompany 
Well packaged with attractive flourish.
Pretty lampshade not available on high street at reasonable price.",Good from start to finish,5,GB
2024-01-11,Anonym,Thank you for organising a quick delovry!,Thank you for organising a quick…,5,CH
2024-01-11,Barbara Sluszka,"Wonderful and outstanding and unique well priced items to choose from. 
Excellent representation of products, including, items appropriately grouped together, along with excellent photography !
Easy to nnavigate website





Easy to navigate website.",Wonderful and outstanding website!,5,US
2024-01-11,Joan G Walker,"Every time I purchase from Mrs Alice I’m confident the ordering and delivery will go well. The items when they arrive are in perfect condition, substantially wrapped then a beautiful colour coordinated bow added, just a delight. I bought many Christmas gifts for my family from Mrs Alice which I didn’t open as they looked so beautiful, I was right every gift was as I’d expected, perfect. I am always impressed by the quality of the goods I buy, nothing has disappointed. If an item appears expensive that’s because it’s very good quality, worth every penny, if very reasonable it will be excellent value for money. I am delighted to send this review, HAPPY NEW YEAR  MRS ALICE.",The wonderful world of Mrs Alice.  Every time I purchase from Mrs Alice…,5,GB
2024-01-10,Alice Cullen,Easy to use website. Fast delivery.  Gorgeous products.,Gorgeous products,5,GB
2024-01-10,cheryl worsell,Impressed .. ordered and received in 24 hours.,Impressed .,5,GB
2024-01-08,Pat,Discount was offered for first order but email was sent after order placed,Discount was offered for first order…,3,US
2024-01-05,Marian Burgoyne,I had heard about how great your packaging is but I was disappointed when I received my order of a tote bag and pouchette set   The tissue paper didn’t cover the pouchette and was wrinkled and creased.,I had heard about how great your…,3,GB
2024-01-05,Mrs Adrianne Hunter,They haven’t arrived yet but I sent several messages before buying  to check that they were the same green as I ve already got and no one bothered to get back to me so I m hoping they match 🤞,They haven’t arrived yet but I sent…,3,GB
2024-01-05,Holli Job,"Always a delightful purchase from Mrs. Alice!
I love my new lamps and shades and will order more!  😁",Always a delightful purchase from Mrs,5,US
2024-01-05,Mrs Anna Fichtner,Shopping with Mrs. Alice is like a walk thru a time when pretty tables and linens were a common tradition.   I love your website!!,Mrs. Anna,5,US
2024-01-04,Sara Patrick,"I still have not received my package ordered weeks ago, and I have not been able to even use the tracking number to find it.",I still have not received my package…,1,US
2024-01-03,Lesley Parnell,Received my beautiful pink glass tea lights today.They are absolutely beautiful.What san absolute joy.!The packaging was exquisite as well.Really recommend Mrs Alice products!Thankyou very much x,Received my beautiful pink glass tea…,5,GB
2024-01-02,Susan Howard,"Love my  Christmas  bears!
Delivery great but shipping price tough!",Love my  Christmas  bears!,5,US
2024-01-01,Patricia M Brown,"Very quick response to my question.
I hope what I ordered looks exactly as pictured. The shipping was too expensive but I wanted it.",Leopard pairsquick response to my question.,5,US
2023-12-31,Barbara Wieck,Unique lovely reindeer.,Great reindeer,5,US
2023-12-31,Myra Craven,Absolutely loved the candlesticks. They are gorgeous!,Excellent quality!,5,US
2023-12-30,LAURA KUYKENDALL,The products arrived sooner than expected. They are beautiful and so well made. Could not be happier!,Great experience,5,US
2023-12-29,Louise,Excellent service as always! Beautifully wrapped and super quick delivery.,Excellent service as always,5,GB
2023-12-28,June Carlile,Love all the decorations so unusual and good quality,Love all the decorations so unusual and…,5,GB
2023-12-28,Mb,Beautiful tableware pieces that made a fabulous gift.,Beautiful tableware pieces that made a…,5,GB
2023-12-28,julia ,lovely christmas items as always...just that little bit special. Made affordable by the Christmas sale.,lovely christmas items as always...just…,5,GB
2023-12-27,Ashlee,"Everything I order from Mrs. Alive is always delivered on time and perfectly packaged in every way. The candles are my favorite because I can’t find them anywhere else. From the table cloths to the tabletop reindeers to the gorgeous glasses and really beautiful monogrammed napkins and bows, it’s just lovely. Thank you.",Everything I order from Mrs,5,US
2023-12-27,Barb Borovicka,Great products. Packaged to perfection. Prompt mailing! Love this company.,Great products!,5,US
2023-12-27,Margaret O'Hare,Order came next day so was very impressed but surprised and disappointed that the items I bought were half price a few days later!,Prompt delivery,5,GB
2023-12-27,Hotze,"So sad to receive a damaged, broken wicker lap tray and now I need to pay to have it shipped back overseas. It was not wrapped at all and had simply been placed into the shipping box. The damage could have been prevented if this wicker tray were wrapped in tissue or bubble wrap. Or even inside a gift box!",So sad to receive damaged product,1,US
2023-12-26,Louise Hutton,The gift wrapping was a total surprise. Thank you so much.,The gift wrapping was a total surprise,5,GB
2023-12-26,Maggie Albritton,I am beyond impressed with every single item I received from this store… I didn’t have to wrap any of them because they were all so perfectly packaged and beautifully wrapped already with different colors of thick tissue paper and a nice perfect little tied bow. The quality of everything is SUPERB at a reasonable price too. Just so happy with this store. Highly recommend!!!,I am beyond impressed with every single…,5,US
2023-12-22,FRANCISCA F MAYAN CAAMAÑO,"My order was delayed , and I did not received any information about it from customer services ; I was the one to contact them. I expected to have a follow-up on the status of deliver-",My order was delayed,1,ES
2023-12-22,Shirley,They acknowledged my comment and shipped right away.  The items are always unique and beautiful- and beautifullly wrapped like a gift for myself!,They acknowledged my comment and…,5,US
2023-12-22,Caitlyn Halle,"The tablecloth is beautiful and a nice heavyweight material, but the shipping cost was absurd! Shipping cost $35 (a surprise after initially looking like it was only $7.50 or something around that), and the package was sent through DSL. I had to sign for the package (annoying for the relatively low cost of this item) and my package still came totally destroyed. (I’m happy to provide photos of the box immediately after I received it!) I love the product, but I don’t think I would order through them again unless they change their shipping methods and prices.",Ridiculous shipping costs,3,US
2023-12-22,Shirley Mitchard,"lovely colours and very well packed
candles smaller than i expected so dimensions on website would be helpful",lovely colours and very well packed,4,GB
2023-12-22,bridget browne,Item came in and it was perfect,The website indicated that orders…,5,US
2023-12-22,Gabby Heintzelman,I love the lights I ordered and they were delivered right before Christmas 🎄. I plan to gift them to my daughters after I use them for our dinner.,I love the lights I ordered and they…,5,US
2023-12-22,AASHD,"Ordered 5 days before the guaranteed Christmas Delivery date with rush delivery. Reached out earlier in the week to make sure it was going to be here on time as several days had passed and they hadn’t shipped out. After 2 days they wrote back and said no, was not arriving in time. If I hadn’t checked in I never would have known.",Guaranteed Xmas delivery NOT guaranteed!,2,US
2023-12-22,Claire Wiggins,My order was dispatched efficiently but unfortunately the colour was not what I ordered but I have decided to keep the items as they are good quality.,My order was dispatched efficiently but…,3,GB
2023-12-22,cmbro67,"Super fast delivery and delightful little lampshade, beautifully made and well packaged. Thank you.",Super fast delivery and delightful…,5,GB
2023-12-21,Mrs Jayne Beeston,"Quick delivery, beautiful packaging and superb quality. This won’t be my last order!",Superb quality,5,GB
2023-12-21,Diane Dewhurst,Quick delivery and luxurious wrapping tied with a big red bow and the product is sensational and looks extremely realistic,Quick delivery and luxurious wrapping…,5,GB
2023-12-21,Zoe Turquet,"Honestly, I don’t know what to say about this company other than don’t order anything unless you don’t care if it turns up a month later (or not at all) and if you don’t mind not being being able to return items. We haven’t had an answer to any emails since 7th December regarding a return and items that were not delivered. We have never experienced such terrible customer service. We are wondering if it’s purely a vanity project for the owner and nothing more. We will be reporting them to Trading Standards. Just awful.",Avoid if you actually want your order to arrive,1,GB
2023-12-20,Allison Demirjian,Customer service at Mrs Alice is always fast and courteous. Thank you so much!!!,Customer service at Mrs Alice is always…,5,DE
2023-12-20,who knows,Tell us at the minute as we wait for xmas...they say they will deliver in time but will they???,Tell us at the minute as we wait for…,1,GB
2023-12-20,Janie ,"Everyone and Everything associated with Mrs Alice is stellar!

From the responses from Customer Service through to receipt of my order, it was a seamless and delightful experience.

The quality of the items I ordered and the stunning monogramming of them was matched by the panache of the beautiful packaging. 

I will be a loyal customer and recommend Mrs Alice without question.",Unparalleled Panache,5,GB
2023-12-20,M V,"Delivery was speedy and the item was very well packaged. That’s what the three stars are for. The faux clementine plant I ordered is a pretty item but it is shockingly over-priced. You can buy better quality from shops like The Range which have comparable (perhaps even better) quality faux plants for prices around £12-20 for a plant of this size. The Range even does faux 6ft trees for less than £40 so it’s very hard to justify the £80 price tag for this  20 inch plant from Mrs. Alice. I’m very happy to pay premium price for good quality. Sadly, the distinctly average quality of this plant just leaves one feeling a but ripped off. Price aside, it’s an attractive item which sits well on my kitchen worktop, brightening the place up with its cheerful round oranges.",Speedy delivery for pretty item but shockingly overpriced,3,GB
2023-12-20,Deanna Jordan,The order wasn’t shipped when order was placed. Had I known it wasn’t going to be 8 days before it was shipped I would not have purchased. Paying $25 for shipping and getting here after the holidays is ridiculous. My other purchase from overseas is already here. Poor practice,The order wasn’t shipped when order was…,1,US
2023-12-19,Nina Wilson,Beautiful gifts beautiful wrapped for delivery website was great will definitely order again and quickly delivered,Beautiful gifts beautiful wrapped for…,5,GB
2023-12-18,John Vincent,It's not the cheapest website but the products look great and the functionality is excellent.,It's not the cheapest website but the…,5,GB
2023-12-18,Sue Venton,"Very nice quality products, very good service",Very nice quality products,5,GB
2023-12-18,customer,Such a lovely shopping experience- beautiful product and most impressed by the stunning wrapping that they came in. Have just discovered Mrs Alice - will be back again.,Such a lovely shopping experience-…,5,GB
2023-12-17,customer,Very quick delivery and high quality products - highly recommend!,Very quick delivery and high quality…,5,GB
2023-12-17,Jackie,So an update on my last review. Someone did get back to me and the broken plates have now been replaced. They are great so am very pleased with them. Would have been 5 stars but annoyingly I had to cancel part of my order as they won’t arrive before we leave for Christmas.,So an update on my last review,4,GB
2023-12-17,J Findlay,Wonderful and unusual quality decorative items. Beautifully packed and presented. One item arrived damaged but immediately replaced without question.,Wonderful and unusual quality…,4,GB
2023-12-17,KSO,"Beautiful dark red velvet bows, personalisation was super easy and arrived within three days!",Beautiful dark red velvet bows,5,GB
2023-12-16,sarah kondratiuk,When you order -  things ship almost immediately… it’s amazing !! Mrs.Alice brings her A game every single time !! I love the quality of the products and the finery they bring to the table -  no pun intended! A dependable vendor ! I just can’t say enough wonderful things about Mrs. Alice !,Yet another amazing transaction !,5,US
2023-12-16,Anna Harris,Delivery was prompt but parcel crushed & left on soggy doormat even though we were in. Definitely the fault of the courier but many of the acorns were cracked and spoiled.,Delivery was prompt but parcel crushed…,3,GB
2023-12-16,Hazel,"Lovely packaged goods, all beautifully prepared.  Will enjoy putting these on my table.  Thank you",Lovely packaged goods,4,GB
2023-12-16,Christine Rentas,We still haven’t received the merchandise after being charged $28.00 for shipping. It was supposed to arrive yesterday and never showed up 😩,We still haven’t received the…,1,US
2023-12-16,Lana,"Absolutely fabulous - bought gorgeous candles and they came super quick and packed so well, it felt like a real treat!",Absolutely fabulous,5,GB
2023-12-15,Izzy,Beautiful products and reasonably priced!,Beautiful products,5,GB
2023-12-15,Janet M,"Beautifully packaged, items arrived in perfect condition, better prices than Anthropologie for the same items. Definitely will buy again!",Beautifully packaged,5,US
2023-12-15,Sara ,"Yes, it was expensive but it was worth it.  The items that I purchased are of exceptional quality and my dining table looks amazing!","Love, love, love",5,GB
2023-12-14,Kirsty,"Firstly, my order or show leopards and nutcrackers are absolutely divine and so unique! Great quality and shipped really quickly. Came beautifully packaged, which felt like a lovely gift to myself!",Beautiful products,5,GB
2023-12-14,Cynthia Spengler,"Stepping through the “Mrs. Alice” world is a wonder of choices to set the perfect Tablescapes for our Family & Guests all year long. Colorful Linens to welcome everyone to dine amongst woodland creatures, Deer winding through the small vases of floral arrangements to welcome each guest w/a Place Card to their Colorful Setting of Plates & Glassware. All that’s left is the Cheers💚❤️🎄🥂👏",Stepping through the Magical World of Mrs Alice”,5,IT
2023-12-14,Tamra Bryan,On time. everything was exactly the way it was described.,Perfect,5,US
2023-12-14,Debbie ,"Lovely products. Easy to use website.
Arrived on time. Very speedy delivery service. Well wrapped and unbroken.",Beautiful plates,5,GB
2023-12-13,Disappointed customer,"Items missing from order. And lack of response from my inquiries.I did email your customer service, however no response: You do not provide a phone number to call. I will not purchase from you again due to the lack of customer care. You state below that you did not receive an email from me, however you responded saying the item is on bd order till February.  In the meantime I am waiting on a refund for the items I censured due to incomplete order of other items,",Unresponsive and order incomplete,1,US
2023-12-13,Mrs Mallen,"Perfect service from ordering, delivery and most importantly the great product!",Great,5,GB
2023-12-13,Bolons ,Have purchased from Mrs Alice for a couple of years now and she doesn’t disappoint. All high end quality goods . Every year something totally different from  what you would find in the High Street. Great table settings. Items all beautifully individually wrapped in colourful tissue and cross grain ribbon. Staff all very helpful if any issues/problems. Fast at responding. Would highly recommend to anyone.,Beautiful decor items.,5,GB
2023-12-13,Susan Parker,The online store was easy to navigate. There was a large selection of beautiful items. I was slightly disappointed some were already sold out and that they were coming from the UK. Next time I’ll shop sooner. My items are due here in a few days.,The online store was easy to navigate,5,US
2023-12-13,Eloise Duckworth,Very good service,Very good service,5,GB
2023-12-13,Jayne Cady,"Ordering easy .Delivered  time .
Super efficient",Ordering easy .Delivered  time .,5,GB
2023-12-13,carmen gould,"My order // 72585 came damaged .   One box was neatly packed , the other not.  Three large plates and two small plates were broken, and so far one plate has the coral chipped.      Please advise as soon as possible for collection and return.",My order // 72585 came damaged,1,GB
2023-12-13,Sophie Deedes,Super fast delivery and beautiful decorations Love them all. Thank you xx,Super fast delivery and beautiful…,5,GB
2023-12-13,Michelle ,"I ordered a table lamp. Stunning product , wrapped beautifully with a speedy delivery. I couldnt be happier. I just ordered another one.",Beautifully packaged!,5,GB
2023-12-12,Tracie,"Great service from this company, super fast delivery and great product! Definitely recommend",Great service from this company,5,GB
2023-12-12,susan,"I ordered some Xmas table decorations.  They arrived almost immediately about 2 days after order, and were expertly and beautifully packed tied in good quality reusable ribbons.  The items were beautifully made, elegant but robust as well.  The items will make a memorable and interesting Xmas dinner setting to enjoy,","Beautiful fun products expertly packaged, speedily delivered.",5,GB
2023-12-11,Kimberly Turner,I ordered a beautiful chinoiserie tree and a pair of parrot candlesticks and could not be happier. They were delivered quickly and wrapped beautifully and arrived fully intact. My mantle looks great! I wish I had more room!,Chinoiserie tree and Pair of Parrot Candlesticks,5,US
2023-12-11,Kency,Very easy to pick from the variety of colors. They made it easy to see the decor based on the pictures and the pre-curated available sets.,Loved How they Matched the Colors and Sets,5,US
2023-12-11,Miss F,"I've purchased a few items from Mrs Alice. Always well packaged, and to a high quality. I love the range of products available and will certainly be coming back to buy more (very tempted by the furniture and fashion options!",Repeat customer,5,GB
2023-12-11,Anne Rosemary Gerrard,"Lovely candles, beautifully wrapped. Arrived very quickly.",Lovely candles,5,GB
2023-12-11,CG,"Quick delivery, beautifully wrapped, very happy with the full experience and the products I bought.",Highly recommend,5,GB
2023-12-10,customer,I placed my order and was informed that it shipped that very day....if it arrives intact I will be thrilled...,I placed my order and was informed that…,5,US
2023-12-10,Mary Joan Swartzbaugh,Love your videos and the tiny lights I just purchased. I’m a new customer ❤️❤️❤️,Love your videos and the tiny lights I…,5,US
2023-12-10,"Julie K, Atlanta, GA, USA",Beautiful bedside rattan tray. Very nice quality. Received quickly. Well packaged.,Rattan Bedside Tray,5,US
2023-12-10,Alice P.,Super service very reactive,Super service very reactive,5,CH
2023-12-10,L.J. Pratten,"Very easy to order, quick, efficient service and prompt delivery.  Thank you.",Very easy to order,5,GB
2023-12-10,L Burdett,"Item arrived super quick 
Web site and order page esy to use",Mrs Alice order,5,GB
2023-12-10,elizabeth mclachlan,"Lovely item, beautifully packaged. Arrived promptly",Lovely item,5,GB
2023-12-10,Courtney Maron,Love love love! The cutest decor that arrived to the US very quickly. I would like to buy it all.,Love love love,5,US
2023-12-10,Rowena Davis,Great Christmas products. Fast delivery.,Great Christmas products,5,GB
2023-12-10,Sarah,"Unfortunately, my order still has not shipped two weeks after it was placed. I'm going to be cutting it very close to having it on time for my family's early Christmas celebration :(",Takes a long time to ship,2,US
2023-12-09,MELISSA FAM,Quick shipping & beautiful products!!,Quick shipping & beautiful products!!,5,US
2023-12-09,Cathy J,"Packaged securely and quick delivery.
Items beautiful and exactly as described.",Great Transaction,5,US
2023-12-09,Sarah Hoult,Stunning and elegant wrapping.  I bought the most fabulous tea light lanterns that I can’t wait to use.  So thrilled to have found Mrs Alice!,Stunning and elegant wrapping,5,GB
2023-12-09,Lynda ,Customer service appalling. In retail ourselves and know what to expect when something goes wrong at the sellers end. Unfortunately this did not happen and delay was blamed on busy time of year. I was hoping to reorder but have just asked for refund.,Poor Customer service,1,GB
2023-12-09,Natasha,An absolute delight to not only receive the beautiful items that I’d purchased but the detail that went into the packaging and wrapping up was almost too beautiful to open! Thanks for making this a special experience.,An absolute delight,5,GB
2023-12-08,beth zollars,Easy to navigate website and beautiful items.,Easy to navigate website and beautiful…,5,US
2023-12-08,Alpa,"Super quick, beautifully packaged and our Christmas tree looks magical. Thank you Mrs. Alice 💫",Perfect in every way,5,GB
2023-12-08,Margaret Mcalea,"So quick to deliver , thanks guys 👍🏻",Delivery fast,5,GB
2023-12-08,Mackenzie,Prompt Shipping,Prompt Shipping,5,US
2023-12-08,customer,"The products are of beautiful quality. I've ordered and received main part of the order on the next day. It was very quick, in particular during the festive season! There was also a thank you card in the parcel, which I found really nice. I highly recommend those products.",Great on all levels!,5,GB
2023-12-08,LT,Delivery less than 24 hours after I ordered! Beautifully boxed and wrapped - a wonderful present to myself! Thank you for spoiling me Mrs Alice!,Thrilled!,5,GB
2023-12-08,RS,"Beautiful floral arrangement, just as good as it looked in the photo, and carefully packaged.",Beautiful floral arrangement,5,GB
2023-12-07,Miles McKie,Disliked the fact I didnt get my 10% discount for my new order that was offered when i landed on the site. It never appeared when I checked out,Disliked the fact I didnt get my 10%…,4,US
2023-12-07,Darcy LaBelle,Such beautiful products and ordering online was a breeze with their website.,Such beautiful products and ordering…,5,US
2023-12-07,Janet Constance,Excellent service Xmas present for my son,Excellent service Xmas present for my…,5,GB
2023-12-07,Carmel  Shepherd,"Quick delivery, beautiful packing and ornaments",Quick delivery,5,GB
2023-12-06,Justine,I couldn’t be happier. What a beautiful pair of glass candle holders. Fast delivery. I am delighted. Thank you Mrs Alice.,I couldn’t be happier,5,GB
2023-12-06,f k,good product - better even than the photo.  Beautiful packaging - gave a lovely sense of excitement and anticipation!,good product,5,GB
2023-12-06,alicia hurst,"Came across this website when I googled large clear baubles they have something different from the norm.
I ordered some beautiful glass baubles and a Gloria Glitter Swan.  Both of these items I hadn't seen on any other website.  So result.  I was very disappointed that I pressed the sign up to get 10% off your first order and the email didn't come through, I even tried my husbands email address but that didn't work either.  However after a few minutes on google I found a 10% discount code, so all was good.",Something different in the decorations department.,5,GB
2023-12-06,Marjorie Campagna,"The snow leopards are adorable!  They arrived much sooner than expected and were beautifully packaged. I love that the spots on the leopards are not the same - it makes for a quality piece. I still need to add to my mantle for the holidays, but the leopards will definitely be the star of the show!!  Can’t wait to order more items from Mrs. Alice!",The snow leopards are adorable,5,US
2023-12-06,Customermarian merron,"Beautiful goods  beautiful packaging all good 
Thank you",Beautiful goods  beautiful packaging…,5,GB
2023-12-06,Archie Hunter,Great service,Great service,5,GB
2023-12-06,Shannon,Love everything I have gotten so far to set a beautiful table. I'm just waiting for the table cloth to arrive. With the Holidays upon us I was pleasantly surprised how fast things have arrived. Thank you and Merry Christmas,Love everything I have gotten so far to…,5,US
2023-12-06,JLC,Purchase arrived quickly. Packaging is divine. Beautiful white box with blue ribbon. Inside the fragile candlesticks were very secure. They are just beautiful and well worth the money!,Purchase arrived quickly,5,GB
2023-12-05,Sandra Wilson,I have shopped with Mrs Alice before and love the quality of the products and how promptly items are posted.,Great Qulaity and Service,5,GB
2023-12-05,EMMA CHARLTON,End to end service and fantastic range of quality products,Amazing end to end service and fantastic range…,5,GB
2023-12-04,Katie Fitzell,Customer service was very helpful and replied immediately!  I love my items I purchased too... the quality is beautiful!,Great Customer Service and Quality,5,US
2023-12-04,Robert Bowen,"Excellent value, high quality product, extremely fast international shipping",Excellent value,5,US
2023-12-02,Alexander Chandler Landry,So many beautiful choices! The website is easy to navigate when selecting. I have found a wonderful new playground for decorating.,"Elegant, Chic, and High End!",5,US
2023-12-02,Sallie Broaddus,"Your site was easy to navigate. I loved reading your tips, and looking at all your Christmas table settings! I loved everything on your Christmas site, and cannot wait receive my order! My table will look awesome thanks to Mrs. Alice!",Your site was easy to navigate,5,US
2023-12-01,Anna Claffey,Absolutely beautiful tray - exactly what I was hoping for !,Absolutely beautiful tray,5,GB
2023-12-01,Whitney Neve,"Beautiful products
Great selection - well curated
Easy site navigation and check-out
Thank you!",A+ All Around,5,US
2023-12-01,Merrie Harris,"I was charged $300 shipping on a $600 purchase. Website said 3-5 days shipping max 5-7. I needed it with a week, 7 days later I see it hasn’t even been shipped. There is no phone number and no way to cancel order. Very frustrating. I also noticed on their website that shipping would be capped at $75 but somehow mine was 300 times that!",I was charged $300 shipping on a $600…,1,US
2023-12-01,Frances Mears,Very quick and easy to place order. Will certainly order from them again.,Very quick and easy to place order,5,GB
2023-11-30,Mary Davidson,Easy purchase.  Love your products,Easy purchase,5,US
2023-11-30,Caroline Moore Sandoval,Beautiful tablecloth! Love the print. So vibrant and festive! This looked so pretty on my Thanksgiving table! Will be using it for Christmas too. Great quality!,Beautiful tablecloth,5,US
2023-11-29,Cindy Miers,My experience has been great!  If I had a question a response was given immediately!  I will definitely be a returning customer!,My experience has been great,5,US
2023-11-29,customer,The discount code for the next purchase never came through.   False advertisement.  And unfriendly service.,The discount code for the next purchase…,1,US
2023-11-28,Alexandra Murphy,"Shipping is quite expensive. I ended up purchasing since the items were on sale, but if not, I would’ve found something similar elsewhere.",Shipping is quite expensive,3,US
2023-11-28,Kelly Coles-Evans,The whole experience shopping with Mrs Alice was a pleasure: the parcel arrived in perfect condition beautifully packaged and lovely details to make it a purchase to remember! The items I bought look even better in my home than on the site. I shall certainly buy again in future based on this experience,Mrs Alice delivers!,5,GB
2023-11-28,Danna Almulla,I ordered it and paid for fast delivery however the delay was from shipping the item from the warehouse. After 5 days i still didnt get a shipment trac and this information was supposed to be there before payment like days the store is closed and estimated delivery dates,I ordered it and paid for fast delivery…,1,QA
2023-11-28,Nell Clark,"Easy sight to operate, had exactly what I wanted!",Easy sight to operate,5,US
2023-11-27,geraldine lacombe,easy and very pretty. hope they ship soon,easy and very pretty,5,US
2023-11-27,Jessica C.,Beautiful products shipped quickly! Even the packaging is 🤩🤩🤩!,Beautiful products shipped quickly,5,US
2023-11-27,Alanoud Alkuwari,"I ordered all my stuff and somehow it was divided into two shipments. I have received one with one item (candle holders), and still waiting for other items",Items divided into two shipments,2,QA
2023-11-26,Beth Rangos,"I liked the merchandise. The site was easy
to use.",I liked the merchandise,5,US
2023-11-25,Patrice Knight,I was confused about,"I was confused about getting a discount if I signed up for text.  When trying to find the discount (and never could), system reverted to old shipping address in NJ instead of NC!",4,US
2023-11-25,jennifer,I love the deer - very sparkly and larger than anticipated. Unfortunately the nutcracker’s feather on his top hat is broken in half and really looks sad hanging bent over the hat. It is glued on under stone and I’m not sure if I could remove it and find a way to replace it without it being a mess of glue.,"Deer family are great, nutcracker feather broken",3,US
2023-11-25,Mary McFarland,"The website is beautiful and easy to use. I particularly like the recommended combinations of dishes, napkins, table cloths. 
I was disappointed to see the shipping cost after saying the shipping was free.",Beautiful products,4,US
2023-11-25,ELIZABETH WALKER,"The product is beautiful and great quality, it looks exactly as shown .
The service was exceptional and helpful.
And everyone loves it at our gatherings.",The product is beautiful and great…,5,GB
2023-11-24,Eve Taylor Manning ,Product never arrived,Product never arrived,1,GB
2023-11-24,deborah arends,"Love your products, but shipping to the USA is just so expensive. It would be great if you could have a US warehouse",Love your products,4,US
2023-11-24,Kirsty Adlem,Stunning tablecloth that is so much more beautiful than in the photos! Beautiful colours and know it will make the festive dining extra special. Truly is a forever tablecloth!,Truly is a forever tablecloth!,5,GB
2023-11-24,customer,Wrong items shipped. Order not fulfilled. Items broken in transit.,"Wrong items shipped, broken items received & order not fulfilled.",1,US
2023-11-23,EH,I didn’t receive the item as promised. I am still waiting though we were supposed to have received by Thanksgiving as stated on the site using 2-3 delivery. I will now have the hassle of returning by mail to UK.,We didn’t receive the item as promised,1,US
2023-11-23,Charlotte Beauvisage,They did not ship my order in the delay and did not answer me,They did not ship my order in the delay…,1,FR
2023-11-23,Molly G,"Literally, everything is perfection. LOVE this website",Literally!,5,US
2023-11-22,Laura Fitch,"When I checked out of my cart it said 2-3 business days for shipping. I received a tracking number and it originally said my Thanksgiving order was arriving on 11/21 that day I tracked my order again and it said delivery 11/27. 
**update  I received one of the several items I ordered on time. The others arrived later but they agreed to pay for the return. I must say although DHL is unreliable, the quality of Mrs Alice products is really very impressive for the price!",Disappointed,2,US
2023-11-22,Emma Farah,Very efficient and helpful service!,Very efficient and helpful service!,5,GB
2023-11-22,Marilyn Stewart,"What more could i ask???
Everything was quick and easy. I ordered gold acorns - perfect and 2 squirrels - adorable.
Thank you very much.",What more could i ask???,5,US
2023-11-21,Lucinda Kennedy,Great thank you love them. I am decorating them they are for a wedding.,Great thank you love them,5,US
2023-11-21,Virginia Apple,so lovely!!!,so lovely!!!,5,US
2023-11-21,michele morris,"I received part of my order today. The gingerbread house is even prettier in person. The snow is magical on the rooftop. The red placemats are unique. I cant wait to set my table for  Christmas. 
I added to my original order and Mrs. Alice took care of it with no problem.",Christmas tablescape in red,5,US
2023-11-21,Carol Walsh,"My first time ordering. Very smooth. 
Love the selection of merchandise!",My first time ordering,5,CA
2023-11-20,Perin Gok,"Delivery was efficient and packaging was impeccable. Unboxing just felt like Christmas had come early.
The items are gorgeous!
I will easily become a repeat buyer and a fan of Mrs. Alice. Overall a top notch purchasing experience.",Impeccable!,5,GB
2023-11-20,Carolyn Jenkins,"I loved everything that she has 
She has Exquisite taste and I would like to be on your mailing list !!",I love her styles and think she has,5,US
2023-11-20,Mrs Lewis ,All perfect except I would love to have been able to speak to someone…. but I guess that’s old fashioned !,All  perfect except I would love to have…,5,GB
2023-11-19,customer,nice different items to search,nice different items to search,4,US
2023-11-19,Gail,"Outstanding service 
Packaging was absolutely beautiful and the products are just stunning
Would highly recommend 
Delightful company to order from 
will certainly be back",Outstanding service,5,GB
2023-11-18,Anonymous ,I am very pleased with my order.  I had some delicate candles and candle holders which were securely packaged.  The items looked almost gift wrapped with tissue and ribbons.  It doesn’t surprise me actually from what I saw on the website everything is just my cup of tea!,I am very pleased with my order,5,HK
2023-11-17,Claudine,"Purchasing couldn't have been easier. They sorted out all paperwork for international deliveries, so there were no hidden charges or surprises from customs (I live in the EU and purchasing from the UK doesn't always go so smoothly). Every step of the process was faultless. My items arrived the very next day, beautifully and securely wrapped with a hand written note. Just amazing.",Faultless,5,SE
2023-11-17,Georgina,They helped me with an item that was OOS.  Very helpful Customer Service and they helped me get what I wanted.,Great Service,5,GB
2023-11-17,Rebecca Kalhorn,I could not be more pleased with the wonderland scene. The quality is beautiful. Merry Christmas to me !,I could not be more pleased with the…,5,US
2023-11-17,Emma,Order of glass candle holders and candle wreaths arrived within 5 days . All beautifully wrapped .,Order of glass candle holders and…,5,GB
2023-11-16,Angela Dworin,Never received my order.,Never received my order.,1,US
2023-11-16,Customer,Fast shipping and the packaging was dream!! The products are gorgeous and a truly a first class experience! Can’t wait to order for every holiday 🥰,Fast shipping and the packaging was…,5,US
2023-11-16,Stephanie Pettman,"Beautifully wrapped, looks lovely on my table already for Christmas",Beautifully wrapped,5,GB
2023-11-15,Lesley Darby,Beautiful wrapped when arrived and packaged well. Lovely product,Beautiful products,5,GB
2023-11-15,James Hutchison,Great product,Great product,5,US
2023-11-14,Kathryn Redstone,"Beautiful web site, beautiful gifts and decor! Great service!",Beautiful web site,5,US
2023-11-14,Molly Farley,"You sent my order which was a gift to wrong address and are not responding to customer service. Terrible.
So now I’ve paid for something that’s sitting at a strangers house",You sent my order which was a gift to…,1,US
2023-11-13,Ellie,Beautiful wrapped and beautiful product many thanks,Beautiful wrapped and beautiful product…,5,GB
2023-11-11,dawn jeffries,Tablescapes are fabulous!,Tablescapes are fabulous!,5,US
2023-11-11,Jane Johnson,Absolutely gorgeous and arrived the next day in the most beautiful packaging!  Like an early Christmas present!,Absolutely gorgeous!,5,GB
2023-11-11,virginia moore,Everything in her collection speaks to me. It is filled with delicious treasures! The quality and packaging are excellent as well as the speed of shipping!❤️,Everything in her collection speaks to…,5,US
2023-11-10,Paula,"The ordering experience was easy. The tablecloth came quickly and was beautifully packaged. But most importantly, the tablecloth is so beautiful! It will be the first of many I will purchase!",Beautiful product! Great customer service!,5,US
2023-11-09,Miss Massey,Prompt service and beautifully packaged. The products are excellent,Prompt service and beautifully…,5,GB
2023-11-09,Immi,The delivery was PROMPT and the quality was just as expected. Thankyou Mrs Alice,The delivery was PROMPT and the quality…,5,GB
2023-11-09,Jeremy runicles,"Pretty simple process from start to finish. Looking forward to seeing the quality if the item.

I only needed 4 letters and not 10 so maybe they should charge kerry letter rather than 1 price for 10 

Thanks for making an easy purchase",Pretty simple process from start to…,4,GB
2023-11-08,bettinagold,delivery was very fast and packed beautifully.,delivery was very fast and packed…,5,AU
2023-11-08,Kellie,No gift wrap option,No gift wrap option,3,US
2023-11-08,Una Auk,Very fast delivery. All items were beautifully wrapped. Would recommend to everyone who’s looking for beautiful table decor items!,Very fast delivery,5,GB
2023-11-08,Susan Williams,I ordered some fabric samples and my order was verified almost immediately. I look forward to receiving my swatches. Thank you!,Quick Response,5,US
2023-11-08,Charles Hotchkiss,It was a gift.,It was a gift.,5,US
2023-11-07, Mrs Lea,"Acorns, some came broken, not great at a cost of £16 with the postage!","Acorns, broken.",1,GB
2023-11-06,Lorraine M Kelly,Pretty website and easily navigated. Wellington organized,Pretty website and easily navigated,5,US
2023-11-06,Jamie Forbes,"After placing my order, I received an email purporting to be from Mrs Alice which said ''Oops, it looks as though you have left something behind''. I queried this with you and was asked to forward the email, which I did. I never heard anything more.",After placing my order,2,GB
2023-11-06,marg,Was sent an email that item I wanted was back in stock. Ordered it and received my package within days. Great customer service (and I love the vases!).,Great customer service,5,US
2023-11-05,Angela S.,"Simply marvellous !! As an expat living in Kuala Lumpur, I can set a beautiful Christmas table without hassle—a one-stop shop, spoilt for choice. Items were shipped here quickly and safely. Thank you, Mrs.Alice.",Simply marvellous !,5,GB
2023-11-04,Sandy M,"I ordered the pretty green lantern tea light holder set from Mrs, Alice on October 31 and received notification that it had shipped right away and is expected to be delivered to me November 6, which is great!",Quick shipping of order!,5,US
2023-11-04,Liz McGehee,They have the BEST customer service!!!,They have the BEST customer service!!!,5,US
2023-11-04,Pamela Simpson,Beautiful product but time lag with CustomerService caused slow ordering.  Expensive Shipping was disaster: tablecloth delivered damp and in damaged packaging that had been opened and tapped shut.,Dissatisfied customer,3,US
2023-11-03,MK,Where is my order?,Where is my order?,1,US
2023-11-02,Suzanne Edwards,Items are exactly like their picture. Colours true & really well made.,Items are exactly like their picture,5,GB
2023-11-02,Sara Asman,I received the package very quickly and it was beautifully wrapped. I felt like I was opening a gift. Such care taken.,I received the package very quickly and…,5,GB
2023-11-01,sarah kondratiuk,Refined table top done right !! Love to see tasteful options available in the market place.. options galore ! Super expedient shipping ! 10 stars (out of 5) well done !!,Refined table top done right !,5,US
2023-10-31,morterol,very good procucts,very good procucts,5,FR
2023-10-31,INES,"Great communication, Speedy delivery and great quality items - very happy!",Great communication,5,GB
2023-10-28,Rita,"A wonderful personal service of that something special. Delivered promptly and packaged beautifully.
My first experience and certainly not my last",A wonderful personal service of that…,5,GB
2023-10-27,C Readman,"Absolutely delighted with my lamp. Arrived very quickly and was beautifully
packaged. I shall definitely be purchasing from you again.",Absolutely delighted with my lamp,5,GB
2023-10-26,EmmaSheller,"Love the brand, love the online shopping experience  and love the product.",Love the brand,4,SG
2023-10-26,Katharina Flohr,"Simply the most divine experience shopping at Mrs. Alice. Immerse yourself in a world of creativity and glamour unrivalled! 
Mrs. Alice conjures up the stuff dreams are made of. Receiving a parcel, exquisitely wrapped and personalised is a treat to treasure long after I made that purchase!",Simply the most divine experience…,5,GB
2023-10-26,Dorothy ,"Ordered a set of three wicker vases as a Christmas gift. They were not as described, but Mrs. Alice would not return/exchange them because they had been sent more than 30 days ago.",Ordered a set of three wicker vases as…,1,US
2023-10-26,Melissa,The quality is excellent. I received beautiful items very quickly.,The quality is excellent,5,US
2023-10-25,Elizabeth,Great website and fast delivery.,Great website and fast delivery.,5,GT
2023-10-25,Bella Foxwell,Wonderful and quick customer support!,Wonderful and quick customer support!,5,GB
2023-10-24,Nina,"I love the table lamps with the shades - although in one of the pictures, other lamp styles were shown (in black) are those older pictures or perhaps they will be available in the future? Also, the tablecloths... size choice was med and large - which took some time to look up the details. But I thought your products were fun, fresh and unusual. Great find!","Fun, fresh & unusual finds!",4,US
2023-10-24,henze marina,beautiful package arrived very quickly!,beautiful package arrived very quickly!,5,FR
2023-10-23,customer,Quick response and very pleasant to work with.,Quick response and very pleasant to…,5,US
2023-10-23,Misho Dimitrov,I love evening about Mrs. Alice,I love evening about Mrs,5,GB
2023-10-23,Jones Lindgren,Your shipping partner is very poor.  The item was due to be shipped on 13 October and still today 22 October--9 days later--nothing has been received.,Your shipping partner is very poor,1,US
2023-10-23,Nancy Martin,There were great products to choose from.,There were great products to choose…,5,US
2023-10-23,Cassiano,I didn’t make any purchase. The last one was in December 2022!,I didn’t make any purchase,1,BR
2023-10-23,Hanna,"I have been coming back to Ms. Alice for the past year several times and it is never a disappointment. I adore unique, stylish, carefully curated selection Ms. Alice has to offer her clients. Last time was not an exception. I end up waiting for the package with such impatience because I know that something extraordinary beautiful is coming my way! 🌟🌟🌟🌟🌟",An Amazing Collection!,5,US
2023-10-23,Barbara,Shipping was fast. Tablecloth is absolutely beautiful.,Shipping was fast,5,US
2023-10-23,customer,"When I washed the huge tablecloth i bought, on cool wash, it faded like mad. I was told that it was hand wash only - ridiculous when the cloth measures over 3 metres long. Nothing should fade at 30 degrees. I bought a similar cloth the previous summer, exactly the same cloth, different colourway and this hasn't faded at all. No help whatseover when I rang asking for help. Won't be purchasing anything again as no customer service or quality control. I have been an interior designer for 35 years but have never had a problem like this, unless it was a very cheap fabric, poorly finished for colour fastness.",When I washed the huge tablecloth i…,1,GB
2023-10-23,LjV,Ordering is easy to do and are processed and shipped extremely fast.,Ordering is easy to do and are…,5,US
2023-10-23,Peter Handley,Delivered on time and good quality,Delivered on time and good quality,5,GB
2023-10-22,Howard Haffner,Never received order,Never received order,1,US
2023-10-22,Brigitte,I have received my beautiful placements and matching Napkins. Beautiful quality! Very nice presentation and packaged beautifully. Look forward to receiving my other items as soon.,I have received my beautiful placements…,5,CH
2023-10-21,KK,"There aren’t enough hours in the day to get through this wonderful website.  I could make every day a festive one, but I’m not sure my husband, but thank me!!",There aren’t enough hours in the day to…,5,GB
2023-10-20,B Shaikh,"Mrs Alice has lots of fantastic items. Table decoration, placemats, chine, cloths ect.
Great service and beautiful wrapping.",Fantastic tableware,5,GB
2023-10-20,virginia e. lewis,"Lovely merchandise and prompt servce.
Lovely sellers/",Lovely merchandise and prompt servce.,5,US
2023-10-19,Mary Scheible,"In addition to well made, gorgeous products, everything arrives in a very timely manner. It is beautifully and carefully wrapped. I can always count on Mrs. Alice for something special to set for my seasonal and holiday tables. And who doesn’t just love browsing the stunning photos of both Alice and her tables!",A joy to shop,5,GB
2023-10-19,Lynn,Not only are the products unique and of great value but things were very well packed and arrived quickly and safely.,Unique and great value,5,US
2023-10-19,Bj,I ordered something and it came without a problem.  Nice product line.,I ordered something and it came without…,5,US
2023-10-19,Dina Croft,"Promptly dealt with my order.  Lovely quality of product, beautifully packaged.",Great service and quality products,5,GB
2023-10-19,Emily,Ordering anything from Mrs. Alice is always perfect from start to finish! The shipping times are incredible and everything always comes packaged so beautifully. The products are a wonderful quality and make every table shine!,The best tabletop,5,US
2023-10-19,veronique Cornish,"Beautifully wrapped
Message of thanks on a beautiful card
Items even more beautiful than on photo",Beautifully wrapped,5,GB
2023-10-19,Debra McGahee,"Quality product, ease of ordering and timely delivery.",Excellent,5,US
2023-10-18,Kelly Brothers,"Great product, of excellent quality.",Scalloped Rattan Tray,5,GB
2023-10-18,Bruce,Easy finding my needs and making my purchase purchase.,Nice web site,5,US
2023-10-18,sheila crist,"I LOVE Mrs. Alice!!! From England my gorgeous embroidered napkins and napkin rings for a 10 women Luncheon arrived within 5 days- Beautifully packaged. 
I will continue to honor your exceptional service with more of my business💓💓💓💓💓💓",I LOVE Mrs Alice,5,US
2023-10-17,Mrs Oliver,"Very quick, beautifully packaged and a thick quality product. Would definitely order again.","Quick delivery, quality product - Thank you Mrs Alice",5,GB
2023-10-16,Beata,"I fell in love in autumn decorations and how wonderful that the product seen online is equally beautiful upon arrival. Additionally, despite overseas delivery, the whole process was smooth and fast.",Magical decor,5,US
2023-10-16,Mary,Love the quality and creativity with all of Mrs. Alice products that I have purchased!  Beautiful in every way!!!,Fabulous!!,5,US
2023-10-16,A Smith,Wide assortment of Great quality merchandise. Quick delivery.,Wide assortment of Great quality…,5,US
2023-10-16,Cindi,The quality is terrible. The paint is sloppy ams the delivery was awful. I can’t believe teed made it thru any quality control. I won’t order anything else.,The quality is terrible,1,US
2023-10-16,Nancy,"Beautiful linens, beautiful presentation when received.Very high quality.",Beautiful linens,5,US
2023-10-15,Tessa,They were so helpful and everything arrived super fast and beautifully wrapped   Thank you,They were so helpful and everything…,5,GB
2023-10-15,April White,"Original, timeless interior accessories for your home. Unique and forever keepsakes, a wide selection of colours to suit every home interior. 
Each season I purchase from the wonderful themed seasonal collections. Fun pieces which bring joy too! The stunning packaging makes it even more special and exciting when it arrives.",Unique and forever Interior Accessories,5,GB
2023-10-14,JustAnswer Customer,"First purchase from Mrs. Alice, and no issues with the website...except I want one of everything ♥️  Thanks for these days of free shipping to the U.S.  I cannot wait to get my lamp on my reading table",First purchase from Mrs,5,US
2023-10-14,Johnson,Everything from Mrs Alice is special. They have great customer service. Great shipping. Really fun all the way around. Thank you Mrs Alice!,Everything from Mrs Alice is special,5,US
2023-10-14,Josefina Fernandez Blanco,"A great experience, quick response, thank you very much, I will buy again.",A great experience,5,ES
2023-10-14,kr,"Good products 
Quick delivery",Good products,5,GB
2023-10-13,Shanyn,Shipping is outrageous.,Shipping is outrageous.,3,US
2023-10-13,KelleyT,All the old Hollywood movies show adorable lamps on restaurant tables and cocktail tables. I’ve been obsessed with updating this look for weddings. I have been shopping for the ideal lamp and Mrs. Alice has them! I chose the sea grass lampshade to start my collection. I have some 2024 weddings that will be so unique and beautiful thanks to the wonderful products from Mrs. Alice..and the great customer service!,Rechargeable lamp,5,US
2023-10-13,Bill N.,"The entire experience from the design of the website to the delivery of the product exceeded my expectations. Very well done. I bought gifts for Christmas, will be a back for more this year.",Amazing Experience,5,US
2023-10-13,Anne Ronzetti,Packaging is beautiful everything came safe. The items are high-quality.,Wonderful …,5,US
2023-10-13,Jim Crudup,"Beautiful linens!
Prompt shipping!",Beautiful linens!,5,US
2023-10-13,Sara,good quality merchandise,good quality merchandise,5,US
2023-10-13,Alexander ,"Thank you ,all was just perfect ,can not wait to receive another order from you .",Perfect,5,US
2023-10-12,Susan Prospere,"I ordered two items and had multiple texts and emails from DHL. After a couple of days, one came to my house but I was forced to drive 30 minutes to a petrol station in another town to get the other. It has been a horrendous experience.  This is not really a review of Mrs Alice. They did everything they could to help and I love the items I bought.",Worst delivery service ever,2,US
2023-10-11,paul dilliway,"Very poor quality 
Items looked like they had been squashed and box came opened",Very poor quality,1,GB
2023-10-11,Linda,great quality and beautiful color of pink,pink and beautiful,5,US
2023-10-11,Mr Trevor Amey,Just love the items and delivery so fast.,Just love the items and delivery so…,5,GB
2023-10-10,Phyllis Groce,The items were exactly as promised.  Great quality and packaged very well as I am in the USA. My friends were jealous so I did share where they can buy all of the lovely things Mrs Alice has to offer.,Perfect and Lovely,5,US
2023-10-10,Alan,"Beautiful products, thoughtfully packaged.
I would not hesitate to order again.",Beautiful products,5,US
2023-10-10,Zhanna,"It was a pleasure to work with professionals, everything was on time and very nicely packaged!",It was a pleasure to work with…,5,FR
2023-10-10,Katarzyna,"Delighted with the service, although items shipped are fragile, they always come intact. Out of the box, beautiful table scaping ideas that stretch beyond the table. Plus possibility to pay in EUR and all the custom nuisance done for the customer - thank you Mrs. Alice!",Delighted with the offering and hassle free EU shipping,5,IE
2023-10-10,Jane Collier,I asked is my table cloth could be despatched quickly and it was .  Very impressive.  Your customer care Mandy sent me an email to this effect.  Very good indeed.,I asked is my table cloth could be…,5,GB
2023-10-09,Fatima Al Hammadi,They where very helpful and replay to the email faster than I thought,They where very helpful and replay to my email,5,AE
2023-10-09,Linda Thatcher,"Absolutely lovely salt and pepper pots , so different I’m really happy with my purchase . Also the parcel was wrapped superbly. Highly recommended.",Absolutely lovely salt and pepper pots…,5,GB
2023-10-09,Carolyn Picazo,Easy to order and shipped more quickly than anticipated.,Great service!,5,US
2023-10-08,Rabáh El A'awar,"I love the designs of Mrs. Alice. I am excited to receive my ordered pot, but till now, no email confirmation received about my order.",Love the Designs and Awaiting Order Confirmation,4,AE
2023-10-08,customer,The items I ordered were dispatched promptly and arrived beautifully packaged and were exactly as I hoped they would be!,The items I ordered were dispatched…,5,GB
2023-10-07,Anna Marie,Super fast delivery of wonderful fall items.  They were beautifully wrapped and packed with care.  Even the box is beautiful!,Wonderful fall decor!,5,US
2023-10-06,Barbara,"Beautiful table linens, lovely packaging with a thank you note from Mrs. Alice!",Beautiful table linens,5,US
2023-10-06,A R,"Have previously tried to contact Mrs Alice service and had no response to emails.  I purchased a tablecloth in the sale - however the tablecloth was quite thin and not of the quality I would expect given the full price of the item, perhaps this was why it was discounted.

Have previously ordered non-material based items, and whilst these were acceptable, I had subsequently seen them priced lower on alternative sites.  

On the positive side, some items seem to be exclusive with Mrs Alice, havent yet bought these items to determine quality,",Low quality item + customer service,3,GB
2023-10-06,Mrs. T,"Excellent products, which are even better than shown on website, plus the packaging was simply exquisite. This company clearly cares about its customers…opening the box is always such a delightful way to receive an order. Brilliantly done, Mrs. Alice!",Excellent products,5,US
2023-10-06,Tina,I designed my daughters wedding sweetheart table with ideas from Mrs Alice table schemes with lanterns topiary candles serviettes table runners and vases and vases of flowers. It was a stunning table and beautiful day,Gorgeous ideas for wedding,5,GB
2023-10-06,Mary,I don't know what you are talking about. I have not dealt with Mrs. Alice in months.,I don't know what you are talking…,1,US
2023-10-06,jb,Very easy to navigate the website. Got my lamps in a timely fashion. product was true to what was shown on the website. Good customer service,Very easy to navigate the website,5,US
2023-10-06,Roslyn ,"Excellent customer service & quick email responses from the Mrs. Alice team. Gorgeous well made products, will buy again!",Excellent customer service & quick…,5,GB
2023-10-06,Amy Lewis,I never got my order when it was said I would get it. I'm thinking you are crooks.,I never got my order when it was said I…,1,US
2023-10-06,Marissa,The quality of these products is exceptional. They arrived in the US from England packed well and beautifully in perfect condition. Absolutely wonderful company and products!,The quality of these products is top notch,5,US
2023-10-06,Kelli,Lovely pieces. High quality. Will buy again!,Lovely pieces,5,US
2023-10-06,Becky Sacks,"Mrs. Alice has been offering beautiful home entertaining decor.  In addition, her options continue to expand in diversity and beauty.   Her items are unique, beautiful, quality and generally reasonably priced.  It is a pleasure to see her business growing and her offerings expanding.     I was extremely pleased with my order from Mrs. Alice as it lived up to and exceeded my expectations from quality items, beautiful packaging, thoughtful processing, etc.  The only drawback for me is the international shipping becomes quite expensive.  Without the high international shipping, Mrs. Alice offers the best value, quality and unique items for home entertaining, etc.   Well done Mrs. Alice! It is a pleasure to see your business grow.   Can you do anything about the international shipping  costs?  that would make it perfection.","Mrs Alice.... beautiful, unique and quality home decor!",5,US
2023-10-06,Donna Lanza,You have beautiful things. It was a pleasure to shop with you. The small vases are beautiful.,You have beautiful things,5,US
2023-10-06,Marlene G Meadows,The items were just as pictured . The packaging is outstanding . The shipping was without a hitch.,The items were just as pictured,5,US
2023-10-06,Eileenie2,"Excellent communication, fast shipping and lovely product!",Highly recommend,5,US
2023-10-05,GERALD LIDDY,"Products arrived very quickly and well packaged the presentation of the products was very nice and excellent value very pleased overall 
Thank you",Well packaged and great value,5,GB
2023-10-05,Andres Mejia,"Fast delivery, good product. I will visit the store for my next purchase.",Fast delivery,5,VN
2023-10-04,Susan Short,Mrs. Alice's team is very quick to respond to questions about their products even though we're on different time zones and in the UK.  Fabrics are reasonably prices as well.,Mrs. Susan,5,US
2023-10-04,Ann LeBeau,Perfect experience all around,Perfect experience all around,5,US
2023-10-04,Customer,"Really pleased with the Company. The efficiency is amazing, the packaging is pretty and the products are beautiful. I would highly recommend this Company.",Mrs Alice is a lovely Company,5,GB
2023-10-04,US,"Nice product as expected, came when it expected.",Nice product as expected,5,US
2023-10-04,Tracey,I was so excited to receive my lampshades and was not disappointed when I took them out of the box.  They even feel well made when you hold them.  Beautiful.  A good price too.  Delivery was fast and kept me informed of progress.  Thoroughly recommend.,Exactly what I wanted,5,GB
2023-10-03,Joy Smith,Delivery was quick and beautifully packaged.,Delivery was quick and beautifully…,5,US
2023-10-03,Phoebe,Deivery was fast got to me before the event and merchandise textile was beautiful with lovely colors just like in the picture.,Deivery was fast got to me before the…,5,US
2023-10-03,Michael Healy,"Very good service, thank you, Mike Healy.",Very good service,5,GB
2023-10-03,Elisabeth,"I have ordered two tablecloths at different times of the year: autumn 22 and spring 23. Both look like they did, on Mrs. Alice's site, on my computer screen: colors and patterns were exactly the same. Accuracy of color is important to me when I am ordering online.  
Also, they launder well. (No fading)
And, to my surprise, the packages arrived quickly, from ""over the pond"". 
Very happy with my purchases.",Two Lovely Seasonal Tablecloths,5,US
2023-10-03,Carey Jeffrey,"Mrs. Alice offers classic, high quality fine dining products. Everything succeeded expectations and my guests were so pleased by the delightful cohesiveness.
I will definitely be buying from Mrs. Alice again!",High quality,5,US
2023-10-03,Lisa,Beautifully packaged arriving in good condition and just as pictured.,Very Pleased,5,US
2023-10-03,Nancy,I was thrilled with my purchase!  Purchased a pair of blue and white rabbits and they are residing on our patio. Purchased last spring.,I was thrilled with my purchase,5,US
2023-10-03,Stephen Thomson,Always gorgeous,Always gorgeous,5,GB
2023-10-03,Monica Yates,"All around great experience and products!

I was very impressed with my experience with Mrs. Alice.  The tablecloths and runner I ordered were very high-quality and easy to clean.  Shipping was very fast to the US (east coast) and customer service was very helpful.",All around great experience and products!,5,US
2023-10-02,Madeleine Bruning,"Sarah from Customer Relations has been so very kind and helpful. Occasionally, items may be delayed but Sarah's due diligence was much appreciated. The company has every best intention to provide exemplary products and service and I am very pleased with everything.",Sarah from Customer Relations has been…,5,US
2023-10-02,RM,"Quick, efficient and a very pretty tablecloth",Quick and efficient,5,GB
2023-10-01,Lally,Such a beautiful tray!,Such a beautiful tray!,5,GB
2023-10-01,Christine W,Seller goes above and beyond to make your purchase a special experience,Seller goes above and beyond,5,GB
2023-10-01,The Glorious Edit,Amazing! So so quick and I couldn’t be happier with the stunning tablecloth! Thank you!,Amazing,5,GB
2023-09-30,Deborah,My linens arrived quickly and are stunningly beautiful!,My linens arrived quickly and are…,5,US
2023-09-29,JD,It took too many time to get the products,It took too many time to get the…,3,US
2023-09-29,Philip Bryant,"Love your quality and distinctive pieces!!!
Highly recommend your company with its superb decorative skills and photography.",Quality and Uniqueness!…,5,US
2023-09-29,Miriam,The rattan urns and columns I ordered for my daughter’s wedding are beautiful!!! There was a delay in the shipping but customer care kept me informed. I received my order in plenty of time for the wedding.,Beautiful Urns and Columns,5,US
2023-09-29,Customer,Gorgeous product and beautifully presented. Fast despatch and tablecloth worth every penny! It’s beautiful,Lovely Mrs Alice!,5,GB
2023-09-29,S McM,Excellent product and excellent customer service. Bravo!,Excellent product and excellent…,5,US
2023-09-29,Lauren,"I loved the seat cushion but with minimal wear after only a few months, the straps broke loose.",I loved the seat cushion but with…,3,US
2023-09-29,Kelly Morgan,"I have purchased several items at different times, and always extremely happy with them! Always excellent quality and exceptional customer service and shipping.",Another perfect purchase!,5,GB
2023-09-27,Carina,"When I ordered a pair of bird-candle holders, I expected fine craftsmanship for such a rather pricey item. In your ad, they looked so very elegant and absolutely beautiful. Delivery was easy and prompt, the 2 smaller cases inside the shipping box came neatly packed in blue tissue paper, with a pretty light-blue bow. Upon opening on my birthday: huge, HUGE disappointment. Brittle styrofoam containers, making a mess in my living room, revealed 2 crudely mass-produced made-in-China bird-candleholders that did in no way match the lovely pictures in the advertising which had prompted me to spend the money on these 2 expensive items. The little eyes of these poor birds were crudely slashed over with the blue paint that was meant for the feathers. The body of those resin birds lacked detail by just having been plainly painted with 2 tone blue (I had actually requested in my online order form that the blue color of the birds be a bit darker tinged, like some of those in your pictures were). But it seems that someone just grabbed 2 taped-close styrofoam containers out of the shipment from the PRC and simply re-wrapped them. I had to purchase white paint for the eyes, black and yellow for the pupils, to carefully give these ugly birds some eye features. Also I bought some other blue-toned colors to bring out the depth of the feathers a bit. I also added acrylic gold to the resin  “gold” which was partially painted over with the white from the bottom part of the birds, making the candle holders look like a cheap knockoff, trying to  imitate real craftsmanship in metal and ceramic and be it resin (resin having been indicated in the ad). These rather pricey bird candleholders are an embarrassment and I cannot place them among my antiques. I felt completely mislead by your ad. Ever since, your emails have been directed to automatically land in Trash.",When I ordered a pair of bird-candle…,1,US
2023-09-27,maris pascal,Very helpful and speedy response,Very helpful and speedy response,5,US
2023-09-27,Mrs Scholtz,"Fantastic customer service, only great feed from me for Mrs Alice",Fantastic customer service,5,PT
2023-09-26,Kanjana,Very satisfied with the service.,Very satisfied with the service.,5,GB
2023-09-26,Marie,"Linens and decorations are high-quality. Excellent customer service. I have a ton of purchases from this company, all so beautiful. My only complaint is I wish they were in my backyard. Love Mrs. Alice!!!!",Excellent,5,US
2023-09-26,SARAH CHOCOLA,Product was of high quality and delivered in a reasonable time period,Product was of high quality and…,5,US
2023-09-26,Rebecca,"I love her products, just beautiful",I love her products,5,US
2023-09-26,Helen,Table cloths are stunning and wash well. Disappointed with the glass candlesticks. Easily tip over outside as Glass is on the thin side!  Delivery and packaging excellent,Table cloths are stunning and wash…,4,GB
2023-09-26,Julie,never received my order,never received my order,1,US
2023-09-26,Kelly,I still haven't received my order,I still haven't received my order,2,US
2023-09-26,Tamsin Hall,"Everything was as expected, good. Always have a good experience with them.",Everything was as expected,4,US
2023-09-22,Nan,Beautiful quality lines…..promptly delivered! Thanksgiving table is just stunning!!Love this stuff!,Beautiful quality lines…..promptly…,5,US
2023-09-22,A Lambton ,Perfect on time and beautifully packed,Perfect on time and beautifully packed,5,NL
2023-09-22,Joslyn,I’ve used to this company to purchase a couple products and they are always high-quality. I had an issue with one of the products and they replaced it for me. I would say I give them five stars.,I’ve used to this company to purchase a…,5,US
2023-09-22,Laura McClintock,"Beautiful products, packaged lovely and delivered promptly. I bought for a display at my autumn wedding and can't wait to use.",Beautiful products,5,GB
2023-09-22,Robert Logan,"Products have been beautiful. Delivery packaging, lovely.

Regarding marketing, photos of “Mrs. Alice” herself don’t reflect the quality of your brand. Her dresses? They are kitch minus the humor. “

Also, too much product on the dining table/lifestyle photos. You win for “pack as much product into one photo as is humanly possible.”

I haven’t been motivated to purchase anything from Mrs. Alice recently. 
Her brand narrative, not her product, has been a turn off.

That said, you have a nice thing going. Continued success.

Your turn to provide feedback!",Who is this Mrs. Alice?,5,US
2023-09-21,Joanna,Beautiful linens and decorative items!,Beautiful linens and decorative items!,5,US
2023-09-21,WP,The quality and craftmanship of the candlesticks are superior.  They look wonderful on my table.  I love them!  They were shipped/packed VERY well and came timely to the USA.,Superior Craftsmanship,5,US
2023-09-21,Claudia,"I had a large console shipped to the U.S. and customer service was available to help every time I had questions.  The console itself is beautiful, high quality and well priced.",Large Console Shipped to U.S.,5,US
2023-09-21,Carolyn,"Fast delivery, beautifully wrapped, lovely merchandise",Fast delivery,5,US
2023-09-21,Jane,Fabulous table cloth made from high quality cotton. Shall purchase another.,Fabulous table cloth,5,GB
2023-09-21,customer,The green velvet  bows were beautiful.,The green velvet  bows were beautiful.,5,GB
2023-09-20,Amalia Vernicos,"packaging could be improved 
furniture arrived very dirty and were a little flimsy",packaging could be improved,3,GB
2023-09-19,Elizabeth,"I have ordered from Mrs Alice numerous times before. Every single time I have been extremely pleased. The ease of placing an order, the exceptional quality of merchandise and the speedy delivery keep me returning to buy more!",I have ordered from Mrs Alice numerous…,5,US
2023-09-19,Jessica Love,"Dispatch is quick, careful packing but the after sale services do not reply until now regarding the Invoice Request.",After sale services need to improve,3,GB
2023-09-18,Himani,"I bought several tablecloths, placemats, bud vases, wine glasses n table decor for Thanksgiving from Mrs Alice.com and everything came beautifully packaged and has added to the beauty of my house.I intend to buy more from them in the future, please run some specials for your US customers like me.","Table decor, house decor one stop shop",5,US
2023-09-18,Mrs Hamill-Stewart,"I purchased a green floral tablecloth which fits my large dining table perfectly.
I am very happy with the colour and design, I get many compliments from friends.",I purchased a green floral tablecloth…,5,GB
2023-09-14,Rosana,"The products are super nice 
The attention is excellent
The delivery time for some items took a lot. And it was very nice to receive Venetian glasses as a present, It was very classy. 
I do Appreciate it, thank you.",The products are super nice,4,MX
2023-09-14,Judy,"Mrs.Alice not only expedited shipping (you’d never know coming all the way from the U.K.) but everything is so lovely packaged!  Boxes are gift wrapped in pretty tissue and tied with silk ribbons.  I know of NO other company that does that.  Plus, of course all items are of top quality.",Mrs.Alice products are the best!,5,US
2023-09-14,Terri,The product from Mrs. Alice is extraordinary. I purchased a few items for Christmas decorations including the brown bears. The bears are more beautiful in person. Even my engineer boyfriend is impressed!,The product from Mrs,5,US
2023-09-14,Tracy,I love my Zebra table cloth.  My only issue was about a week or two later after I purchased it the item went on further reduction.,Zebra table cloth,4,US
2023-09-13,Jennifer,"Was seated at wrong table with wrong menu. Was asked to get up and move. Asked for a Pimms, we dont do that. Starters came and were nice. My friend ordered gnocci and I ordered fish and chips. The came with gnocci and a plate of Aubergine. My friend finished her main and I said will mine be long. It arrived inedible, Fish, Batter and Chips caked in salt. My friend had travelled a long way and it was a special treat. I believe the chef deliberately put way too much salt on my meal. £76 for what!",Was seated at wrong table with wrong…menu,1,GB
2023-09-13,Mrs Evans,Delivered quickly beautifully packaged and lovely product,Delivered quickly beautifully packaged…,5,GB
2023-09-13,Marcy,I love everything she does. All items are well made and charming. Colors and wicker pieces are better than they appear in photos. Will be buying more,I love everything she does,5,US
2023-09-13,Teri Worthington,Love my wicker tray table!  Thank you.,Great customer service,5,US
2023-09-13,Suzie,"Wonderful products at still fair prices. 
Also, nice that the packing is NOT stingy as with other companies.",Wonderful products at still fair…,5,US
2023-09-13,Mary Gauwitz,Great items for the home.  Fast delivery to the USA and packaged beautifully and with care.,Great items for the home,5,US
2023-09-13,Mrs S STRUTT,"Great product, arrived on tîme and beautifully packaged",Mrs Alice parrot candlesicks,5,GB
2023-09-13,Catherine,"When writing this review, I realized I really have purchased several (okay, MANY :)  items from Mrs. Alice and have been so pleased with each piece.  Refreshing our holiday table has been lots of fun with their offerings and they fold in seamlessly with my other items, gathered over the years.  The candle holders are wonderful, and the quality really is fabulous. But I do need to give an extra shout out to the parrots!  My husband is still not convinced but if I slip them in sparingly, they make any occasion a fabulous event.  They really are fun and beautiful!  Thank you!",Much more than I thought!,5,US
2023-09-13,J. Frey,"Very good and fast service, thank you!",Very good and fast service,5,CH
2023-09-13,Catherine Robson,"Lovely table mats, very pleased.",Lovely table mats,5,GB
2023-09-13,katie Warren,"The table cloth is just divine, and the service impeccable.
Thank you.",The table cloth is just divine,5,GB
2023-09-13,Marie Arden,Always a prompt delivery and very fair delivery fee. Everything is quality and wrapped beautifully. I give many of the items I purchase as gifts. The candle holders and bird candle holders are so pretty and made so well. I have ordered many times and will continue to do so.,Lovely products and prompt delivery…,5,US
2023-09-13,Constance,I love every piece I have ever ordered and packaging was always safe so items were always in perfect condition!,A fan of Alice products and service,5,US
2023-09-09,Misho Dimitrov,"I have been using Mrs Alice for 2 years and eery time I have great experience. The order arrives fast, the packaging is amazing. every item is wrapped carefully and arrives in good form, the item are just lovely. greta peaces for my party tables. I'll highly recommend them.",Just Great!,5,GB
2023-09-08,Tshah,"Absolutely stunning service. I just love scrolling through the site and looking at all the beautiful table settings. I ordered a set of soft blue placemats and napkins as a wedding gift for my friends in America. I had this monogrammed with their initials which I felt was a really special touch for newly weds. Delivery to them was super speedy and it was packed beautifully in matching tissue paper and ribbons. I also was able to add a gift note for them as well. All in all, super happy with the Mrs. Alice service !",Absolutely stunning service,5,GB
2023-09-08,Consumer,Brilliant customer service experience and fabulous products beautifully wrapped then they arrived.,Brilliant customer service experience…,5,GB
2023-09-08,Karen,"Love, love, love the Blue Parrot Candleholders! I get so many compliments on them. Very pleased.",Pleasing,5,GB
2023-09-07,Cristina,"I recently received my order of Blue Parrot candleholders from Mr. Alice, and I'm genuinely impressed by their exceptional service and beautifully packaged products. If you're in search of exquisite table decorations, I highly recommend them.",genuinely impressed,5,GB
2023-09-07,AJ,"Been a customer since the first month, and every order never fails to delight. Beautiful product and impeccable service.",Exquisite,5,GB
2023-09-05,Sally,"The item was shoddy quality and smelled foul as though it had been stored somewhere damp for a very long time. Hadn’t realised sale items were non-refundable until after receiving the item.
Won’t order with them again",The item was shoddy quality and smelled…,1,GB
2023-08-28,Anna Desiatnik,"The quality of the tablecloth is very poor - very thin material, the printing quality is also very bad - the print looks not sharp enough.",Poor material quality,1,GB
2023-08-23,Lila,Was so thrilled with all my Mrs. Alice purchases. Will definitely be shopping with you again.,Mrs. Alice is the best!,5,GB
2023-08-08,Sunita M,Really great service and fast delivery for my order! Fantastic choice and lovely quality. Would buy more in the future!,Really great service and fast delivery…,5,GB
2023-08-05,Louis Turner,Wife loved the plates I got for our anniversary present. Very quick shipping and beautifully packaged. 👍🏻,Happy Wife Happy Life,5,GB
2023-08-03,Amber,"Ordered some beautiful sets of bamboo cutlery from here. Arrived the same week and are lovely quality. Sadly, one of my children broke 2 of the spoons! However, Sarah was absolutely amazing and managed to get 2 spoons custom ordered for me and sent out so that I didn’t need to rebuy a whole set. Thank you so much!",Stunning Cutlery and Amazing Service!,5,GB
2023-08-03,Hamish,"Brought a set of four plates from the summer sale, came the next day! Great fast delivery and lovely plates.",Fast delivery & great quality,5,GB
2023-07-28,Erica de Sisgoreo,"I ordered and paid a tea table in April, it’s August and I still don’t have received anything. They work like this, you order, they don’t have nothing available, they order to their suppliers in Asia… you wait for months. Quite a scam.",Stay away from this shop,1,IT
2023-07-27,Nicola C,"I just wanted to buy some plates, left them in my basket for a while, 2 hours not days, then received a discount code that didn't work and silly amounts of follow up emails. Seemed both desperate and grabby. Found similar  ( basically the same) plates from a turkish supplier later for far less on etsy.",I just wanted to buy some plates,1,GB
2023-04-25,Mitzi Tofte,"I got what I ordered, in good time",I got what I ordered,4,DK
2023-03-29,Symon,"Wrong Item Sent
Ordered tablecloth. From measurement choice as per website. 
It arrived. 
In measurements that weren’t even on the website. 

Reached out. 
Offered a different TC in different pattern. Not what I wanted. 

Took screen shot of measurements page of website at 2pm. 

By now the email thread has gone quiet. 

Took screen shot of same page as above at 5pm. ALL measurements are now different. And include the mysterious size that was sent to me. 
Funny how that all changed during our convo. 

Still not heard back. 
Have demanded refund. 
Twice. 

All in all. A pretty P!ss Poor experience. 

Just seems to be the norm these days. 
Treating your customers like morons. 

Letting you into a little secret Alice. 
It don’t work!!!!

Now. 

Get this table cloth collected. Refund my money. And let’s move on.",Wrong Item Sent,1,GB
